N,D,sigma,tau,omega,Cp*
4,1,0.18,0.1800,0.466667,0.57279
3,1,0.18,0.1800,0.466667,0.566067
2,1,0.72,0.1800,0.333333,0.561904
4,2,0.54,0.1500,0.400000,0.56159
4,2,0.72,0.1800,0.333333,0.561037
4,1,0.18,0.1500,0.500000,0.55654
2,1,0.54,0.1800,0.400000,0.554994
4,2,0.54,0.1800,0.400000,0.554994
3,1,0.72,0.1800,0.433333,0.554081
2,1,0.18,0.1800,0.466667,0.553928
4,2,0.18,0.1800,0.466667,0.553928
2,2,0.18,0.1800,0.466667,0.552958
3,3,0.18,0.1800,0.466667,0.552958
4,4,0.18,0.1800,0.466667,0.552958
4,3,0.18,0.1800,0.466667,0.551634
3,4,0.18,0.1500,0.466667,0.551387
4,1,0.18,0.2100,0.466667,0.55137
2,2,0.26,0.1800,0.400000,0.551282
3,3,0.26,0.1800,0.400000,0.551282
4,4,0.26,0.1800,0.400000,0.551282
3,1,0.18,0.1500,0.500000,0.550257
2,2,0.18,0.1500,0.500000,0.549713
3,3,0.18,0.1500,0.500000,0.549713
4,4,0.18,0.1500,0.500000,0.549713
3,2,0.72,0.1500,0.333333,0.549223
3,4,0.18,0.1500,0.500000,0.549036
3,4,0.18,0.1800,0.466667,0.549018
3,4,0.26,0.1800,0.400000,0.548643
3,2,0.72,0.1800,0.333333,0.548279
2,1,0.54,0.2100,0.400000,0.547892
4,2,0.54,0.2100,0.400000,0.547892
4,2,0.72,0.2100,0.333333,0.54729
2,2,0.26,0.2100,0.400000,0.547238
3,3,0.26,0.2100,0.400000,0.547238
4,4,0.26,0.2100,0.400000,0.547238
2,2,0.26,0.1500,0.433333,0.546971
3,3,0.26,0.1500,0.433333,0.546971
4,4,0.26,0.1500,0.433333,0.546971
2,1,0.54,0.1500,0.466667,0.546939
2,3,0.18,0.1500,0.466667,0.546939
2,2,0.26,0.1800,0.433333,0.546914
3,3,0.26,0.1800,0.433333,0.546914
4,4,0.26,0.1800,0.433333,0.546914
3,2,0.54,0.1500,0.400000,0.546587
3,2,0.54,0.1800,0.400000,0.545968
3,1,0.18,0.2100,0.466667,0.544563
2,1,0.54,0.1500,0.500000,0.544296
2,3,0.18,0.1500,0.500000,0.544296
3,4,0.26,0.1500,0.400000,0.543989
4,3,0.54,0.1500,0.400000,0.543966
2,2,0.18,0.1500,0.466667,0.543812
3,3,0.18,0.1500,0.466667,0.543812
4,4,0.18,0.1500,0.466667,0.543812
4,3,0.72,0.1500,0.333333,0.543583
2,3,0.18,0.1800,0.466667,0.543257
4,3,0.54,0.1800,0.400000,0.542885
4,3,0.18,0.1500,0.500000,0.542743
3,4,0.26,0.2100,0.400000,0.54269
3,1,0.54,0.1800,0.400000,0.542546
4,1,0.18,0.1800,0.500000,0.542486
3,4,0.18,0.1800,0.433333,0.542281
3,2,0.18,0.1800,0.466667,0.542188
3,4,0.26,0.1500,0.433333,0.542139
2,2,0.18,0.1800,0.500000,0.541682
3,3,0.18,0.1800,0.500000,0.541682
4,4,0.18,0.1800,0.500000,0.541682
2,3,0.26,0.1800,0.400000,0.541392
3,4,0.18,0.1800,0.500000,0.540321
3,4,0.26,0.1800,0.433333,0.540101
3,2,0.54,0.1200,0.433333,0.539986
4,3,0.26,0.1800,0.433333,0.539968
4,3,0.72,0.1800,0.333333,0.539284
2,2,0.36,0.1800,0.366667,0.538988
3,3,0.36,0.1800,0.366667,0.538988
4,4,0.36,0.1800,0.366667,0.538988
2,1,0.18,0.1500,0.500000,0.538746
4,2,0.18,0.1500,0.500000,0.538746
2,3,0.26,0.1500,0.400000,0.538494
2,2,0.36,0.2100,0.366667,0.538432
3,3,0.36,0.2100,0.366667,0.538432
4,4,0.36,0.2100,0.366667,0.538432
3,2,0.54,0.1200,0.400000,0.538265
2,2,0.18,0.2100,0.466667,0.537706
3,3,0.18,0.2100,0.466667,0.537706
4,4,0.18,0.2100,0.466667,0.537706
3,2,0.54,0.2100,0.400000,0.537562
2,3,0.18,0.1800,0.433333,0.536626
2,2,0.54,0.1200,0.433333,0.53615
3,3,0.54,0.1200,0.433333,0.53615
4,3,0.54,0.1200,0.433333,0.53615
4,4,0.54,0.1200,0.433333,0.53615
3,1,0.18,0.1800,0.500000,0.536062
3,4,0.18,0.1200,0.500000,0.535872
2,3,0.26,0.1500,0.433333,0.53578
2,2,0.18,0.1500,0.533333,0.535614
3,3,0.18,0.1500,0.533333,0.535614
4,4,0.18,0.1500,0.533333,0.535614
2,3,0.18,0.1800,0.500000,0.535528
3,4,0.18,0.1500,0.533333,0.535366
2,3,0.26,0.2100,0.400000,0.53515
2,2,0.26,0.2100,0.433333,0.53488
3,3,0.26,0.2100,0.433333,0.53488
4,4,0.26,0.2100,0.433333,0.53488
3,2,0.72,0.2100,0.333333,0.534488
3,4,0.18,0.2100,0.466667,0.534321
4,3,0.18,0.1800,0.500000,0.53396
4,3,0.18,0.2100,0.466667,0.533836
2,3,0.26,0.1800,0.433333,0.533806
2,3,0.18,0.1200,0.500000,0.533453
3,4,0.18,0.1200,0.533333,0.533028
2,1,0.18,0.2100,0.466667,0.53259
4,2,0.18,0.2100,0.466667,0.53259
4,3,0.54,0.2100,0.400000,0.532213
3,2,0.26,0.1800,0.433333,0.532176
3,4,0.18,0.2100,0.433333,0.532142
3,4,0.26,0.2100,0.433333,0.531288
2,1,0.54,0.1500,0.533333,0.530792
2,3,0.18,0.1500,0.533333,0.530792
2,1,0.54,0.1500,0.433333,0.530631
2,3,0.18,0.1500,0.433333,0.530631
2,3,0.18,0.1200,0.533333,0.52999
2,2,0.18,0.1200,0.533333,0.529429
3,3,0.18,0.1200,0.533333,0.529429
4,4,0.18,0.1200,0.533333,0.529429
3,1,0.54,0.1500,0.400000,0.529152
2,3,0.18,0.2100,0.466667,0.528866
2,4,0.18,0.1500,0.466667,0.528395
2,4,0.18,0.1500,0.500000,0.527997
3,2,0.18,0.1500,0.500000,0.527443
2,3,0.18,0.2100,0.433333,0.527092
3,4,0.36,0.1800,0.366667,0.526025
2,3,0.26,0.2100,0.433333,0.525985
2,2,0.54,0.1500,0.400000,0.525632
3,3,0.54,0.1500,0.400000,0.525632
4,4,0.54,0.1500,0.400000,0.525632
3,4,0.36,0.2100,0.366667,0.525405
2,1,0.18,0.1800,0.500000,0.524733
4,2,0.18,0.1800,0.500000,0.524733
3,1,0.72,0.1800,0.400000,0.524416
4,3,0.18,0.1500,0.533333,0.524408
2,2,0.26,0.1500,0.400000,0.524194
3,3,0.26,0.1500,0.400000,0.524194
4,4,0.26,0.1500,0.400000,0.524194
4,3,0.72,0.2100,0.333333,0.523764
2,4,0.18,0.1800,0.466667,0.523562
3,2,0.54,0.1500,0.366667,0.522799
4,3,0.54,0.1500,0.366667,0.522565
3,4,0.18,0.2100,0.500000,0.522538
2,1,0.54,0.1800,0.366667,0.522329
4,2,0.54,0.1800,0.366667,0.522329
2,2,0.26,0.1500,0.466667,0.521942
3,3,0.26,0.1500,0.466667,0.521942
4,4,0.26,0.1500,0.466667,0.521942
4,1,0.18,0.1500,0.533333,0.521815
4,3,0.26,0.2100,0.433333,0.521701
2,2,0.18,0.2100,0.433333,0.521649
3,3,0.18,0.2100,0.433333,0.521649
4,4,0.18,0.2100,0.433333,0.521649
2,4,0.18,0.1200,0.500000,0.521263
3,2,0.18,0.2100,0.466667,0.521068
3,2,0.54,0.1800,0.366667,0.520444
3,4,0.18,0.1200,0.566667,0.520231
2,2,0.54,0.1800,0.400000,0.520159
4,4,0.54,0.1800,0.400000,0.520159
2,2,0.18,0.2100,0.500000,0.519524
3,3,0.18,0.2100,0.500000,0.519524
4,4,0.18,0.2100,0.500000,0.519524
2,3,0.18,0.2100,0.500000,0.518987
3,4,0.26,0.1500,0.466667,0.518762
4,3,0.54,0.1800,0.366667,0.518544
2,4,0.18,0.1800,0.500000,0.51854
3,4,0.18,0.1800,0.533333,0.518127
2,4,0.18,0.1200,0.533333,0.518124
4,3,0.26,0.1500,0.433333,0.51793
2,3,0.26,0.1200,0.433333,0.517752
2,3,0.36,0.1800,0.366667,0.51765
3,3,0.54,0.1800,0.366667,0.51765
2,2,0.18,0.1800,0.533333,0.517392
3,3,0.18,0.1800,0.533333,0.517392
4,4,0.18,0.1800,0.533333,0.517392
3,4,0.36,0.1500,0.366667,0.517257
2,2,0.54,0.1200,0.400000,0.517051
3,3,0.54,0.1200,0.400000,0.517051
4,3,0.54,0.1200,0.400000,0.517051
4,4,0.54,0.1200,0.400000,0.517051
2,4,0.26,0.1800,0.400000,0.516846
2,3,0.18,0.1200,0.566667,0.516627
2,3,0.36,0.2100,0.366667,0.516585
2,4,0.18,0.1500,0.533333,0.516444
2,2,0.54,0.2100,0.433333,0.516152
3,3,0.54,0.2100,0.433333,0.516152
4,4,0.54,0.2100,0.433333,0.516152
2,1,0.54,0.2100,0.366667,0.516072
4,2,0.54,0.2100,0.366667,0.516072
3,1,0.18,0.1500,0.533333,0.516019
2,2,0.18,0.1200,0.566667,0.515845
3,3,0.18,0.1200,0.566667,0.515845
4,4,0.18,0.1200,0.566667,0.515845
2,4,0.26,0.1500,0.400000,0.515641
2,4,0.18,0.1800,0.433333,0.514834
2,4,0.18,0.1500,0.433333,0.514789
3,2,0.54,0.2100,0.366667,0.514091
2,4,0.26,0.1500,0.433333,0.514056
3,2,0.18,0.1800,0.500000,0.513969
2,3,0.18,0.1800,0.533333,0.513893
3,4,0.26,0.1200,0.466667,0.513847
2,2,0.26,0.1200,0.466667,0.513669
3,3,0.26,0.1200,0.466667,0.513669
4,4,0.26,0.1200,0.466667,0.513669
2,3,0.26,0.1500,0.466667,0.513375
4,3,0.18,0.1200,0.533333,0.513261
4,3,0.26,0.1500,0.466667,0.513192
3,4,0.18,0.1500,0.433333,0.513073
3,2,0.36,0.1500,0.533333,0.512439
2,4,0.26,0.1800,0.433333,0.511827
2,4,0.18,0.1200,0.466667,0.511762
3,4,0.18,0.1500,0.566667,0.511745
4,3,0.36,0.1500,0.533333,0.51116
2,2,0.18,0.1200,0.500000,0.510969
3,3,0.18,0.1200,0.500000,0.510969
4,4,0.18,0.1200,0.500000,0.510969
3,2,0.26,0.2100,0.433333,0.510683
2,3,0.36,0.1500,0.366667,0.510526
2,2,0.54,0.2100,0.400000,0.510505
3,3,0.54,0.2100,0.400000,0.510505
4,4,0.54,0.2100,0.400000,0.510505
2,2,0.36,0.1500,0.400000,0.510255
3,3,0.36,0.1500,0.400000,0.510255
4,4,0.36,0.1500,0.400000,0.510255
2,3,0.26,0.1200,0.466667,0.51009
2,4,0.18,0.2100,0.466667,0.509694
2,2,0.18,0.1500,0.566667,0.50969
3,3,0.18,0.1500,0.566667,0.50969
4,4,0.18,0.1500,0.566667,0.50969
2,4,0.26,0.2100,0.400000,0.509368
4,3,0.54,0.2100,0.366667,0.509003
4,3,0.36,0.1800,0.400000,0.508913
4,3,0.36,0.2100,0.366667,0.508644
4,1,0.18,0.2100,0.500000,0.508539
2,2,0.72,0.1500,0.333333,0.508106
3,3,0.72,0.1500,0.333333,0.508106
4,4,0.72,0.1500,0.333333,0.508106
2,1,0.54,0.1500,0.566667,0.50772
2,3,0.18,0.1500,0.566667,0.50772
3,2,0.36,0.1800,0.500000,0.50768
4,3,0.36,0.1800,0.500000,0.507566
2,2,0.26,0.1800,0.466667,0.507312
3,3,0.26,0.1800,0.466667,0.507312
4,4,0.26,0.1800,0.466667,0.507312
2,2,0.36,0.1500,0.533333,0.507223
3,3,0.36,0.1500,0.533333,0.507223
4,4,0.36,0.1500,0.533333,0.507223
2,2,0.36,0.1800,0.400000,0.506869
3,3,0.36,0.1800,0.400000,0.506869
4,4,0.36,0.1800,0.400000,0.506869
2,3,0.18,0.1200,0.466667,0.506621
4,3,0.18,0.2100,0.500000,0.506489
2,4,0.18,0.1200,0.566667,0.506316
2,1,0.18,0.1500,0.533333,0.505817
4,2,0.18,0.1500,0.533333,0.505817
2,4,0.18,0.2100,0.500000,0.505501
4,1,0.18,0.1200,0.533333,0.505458
2,4,0.26,0.2100,0.433333,0.50535
4,3,0.36,0.1200,0.566667,0.50523
3,4,0.26,0.1800,0.466667,0.505219
3,4,0.26,0.1200,0.433333,0.504565
3,2,0.26,0.1500,0.466667,0.504482
3,2,0.36,0.1800,0.400000,0.504297
4,3,0.36,0.1800,0.366667,0.503977
2,4,0.26,0.1200,0.433333,0.503856
3,2,0.36,0.1200,0.566667,0.503845
4,3,0.36,0.1500,0.400000,0.503637
2,4,0.18,0.2100,0.433333,0.503557
3,2,0.36,0.1500,0.500000,0.503145
3,1,0.18,0.2100,0.500000,0.502747
2,2,0.72,0.1800,0.333333,0.502672
4,4,0.72,0.1800,0.333333,0.502672
4,3,0.18,0.1800,0.533333,0.502649
2,2,0.54,0.1500,0.366667,0.502616
3,3,0.54,0.1500,0.366667,0.502616
4,4,0.54,0.1500,0.366667,0.502616
4,3,0.36,0.1500,0.500000,0.501936
2,4,0.18,0.1800,0.533333,0.501877
2,2,0.18,0.1800,0.433333,0.501095
3,3,0.18,0.1800,0.433333,0.501095
4,4,0.18,0.1800,0.433333,0.501095
4,3,0.36,0.1800,0.466667,0.501059
4,3,0.18,0.1200,0.566667,0.500878
3,1,0.54,0.2100,0.400000,0.500805
2,2,0.36,0.2100,0.400000,0.500803
3,3,0.36,0.2100,0.400000,0.500803
4,4,0.36,0.2100,0.400000,0.500803
2,3,0.26,0.1800,0.466667,0.500127
2,2,0.36,0.1800,0.500000,0.499811
3,3,0.36,0.1800,0.500000,0.499811
4,4,0.36,0.1800,0.500000,0.499811
2,2,0.36,0.1500,0.500000,0.499698
3,3,0.36,0.1500,0.500000,0.499698
4,4,0.36,0.1500,0.500000,0.499698
3,4,0.36,0.1500,0.400000,0.499604
3,4,0.18,0.1200,0.600000,0.499407
3,4,0.26,0.2100,0.366667,0.499362
2,2,0.54,0.1800,0.366667,0.499245
4,4,0.54,0.1800,0.366667,0.499245
3,1,0.18,0.1200,0.533333,0.499065
4,3,0.36,0.1500,0.433333,0.498981
2,2,0.36,0.1200,0.566667,0.498919
3,3,0.36,0.1200,0.566667,0.498919
4,4,0.36,0.1200,0.566667,0.498919
4,3,0.36,0.2100,0.400000,0.498772
4,3,0.54,0.1800,0.333333,0.498534
3,4,0.18,0.2100,0.533333,0.498091
2,3,0.18,0.2100,0.533333,0.497777
4,3,0.36,0.1200,0.533333,0.497427
2,2,0.36,0.1500,0.433333,0.497237
3,3,0.36,0.1500,0.433333,0.497237
4,4,0.36,0.1500,0.433333,0.497237
2,2,0.36,0.1800,0.533333,0.497193
3,3,0.36,0.1800,0.533333,0.497193
4,4,0.36,0.1800,0.533333,0.497193
4,3,0.36,0.1800,0.433333,0.49701
3,2,0.36,0.1500,0.433333,0.496804
3,2,0.36,0.1800,0.466667,0.496747
3,4,0.26,0.2100,0.466667,0.496716
2,2,0.36,0.1800,0.466667,0.496456
3,3,0.36,0.1800,0.466667,0.496456
4,4,0.36,0.1800,0.466667,0.496456
4,1,0.18,0.1800,0.533333,0.496212
2,3,0.26,0.2100,0.466667,0.496193
3,2,0.18,0.1500,0.533333,0.496082
4,3,0.26,0.1800,0.466667,0.495972
4,2,0.54,0.1500,0.366667,0.495966
2,4,0.18,0.1500,0.566667,0.495884
2,2,0.36,0.1500,0.466667,0.4957
3,3,0.36,0.1500,0.466667,0.4957
4,4,0.36,0.1500,0.466667,0.4957
4,3,0.36,0.1500,0.466667,0.495645
3,4,0.36,0.1800,0.400000,0.495559
4,3,0.18,0.1500,0.566667,0.495287
2,3,0.18,0.1200,0.600000,0.495255
2,2,0.36,0.1800,0.433333,0.494805
3,3,0.36,0.1800,0.433333,0.494805
4,4,0.36,0.1800,0.433333,0.494805
2,4,0.26,0.1500,0.466667,0.494658
3,2,0.36,0.1500,0.466667,0.494542
3,2,0.36,0.1800,0.433333,0.49434
4,3,0.54,0.2100,0.333333,0.493732
3,4,0.36,0.2100,0.400000,0.493572
3,2,0.36,0.1200,0.533333,0.493565
2,1,0.72,0.1500,0.333333,0.49339
4,2,0.72,0.1500,0.333333,0.49339
2,4,0.26,0.1200,0.466667,0.493338
3,4,0.26,0.1800,0.366667,0.493062
2,1,0.36,0.1500,0.533333,0.493051
4,2,0.36,0.1500,0.533333,0.493051
2,3,0.36,0.1500,0.400000,0.49239
2,1,0.18,0.2100,0.500000,0.49226
4,2,0.18,0.2100,0.500000,0.49226
2,4,0.18,0.2100,0.533333,0.49224
2,2,0.54,0.2100,0.366667,0.492203
3,3,0.54,0.2100,0.366667,0.492203
4,4,0.54,0.2100,0.366667,0.492203
2,3,0.26,0.2100,0.366667,0.491908
3,2,0.36,0.2100,0.400000,0.491881
3,4,0.54,0.1200,0.433333,0.491703
2,2,0.36,0.1200,0.533333,0.491633
3,3,0.36,0.1200,0.533333,0.491633
4,4,0.36,0.1200,0.533333,0.491633
3,4,0.26,0.1200,0.500000,0.491447
4,1,0.18,0.1200,0.566667,0.491391
3,4,0.54,0.1800,0.400000,0.491284
2,2,0.72,0.2100,0.333333,0.491074
3,3,0.72,0.2100,0.333333,0.491074
4,4,0.72,0.2100,0.333333,0.491074
2,2,0.18,0.1200,0.600000,0.490952
3,3,0.18,0.1200,0.600000,0.490952
4,4,0.18,0.1200,0.600000,0.490952
2,2,0.26,0.1200,0.500000,0.490833
3,3,0.26,0.1200,0.500000,0.490833
4,4,0.26,0.1200,0.500000,0.490833
2,2,0.36,0.1200,0.500000,0.490771
3,3,0.36,0.1200,0.500000,0.490771
4,4,0.36,0.1200,0.500000,0.490771
3,1,0.18,0.1800,0.533333,0.490702
2,2,0.26,0.2100,0.466667,0.4907
3,3,0.26,0.2100,0.466667,0.4907
4,4,0.26,0.2100,0.466667,0.4907
2,1,0.36,0.1800,0.500000,0.490636
4,2,0.36,0.1800,0.500000,0.490636
4,1,0.26,0.2100,0.433333,0.490553
3,2,0.54,0.1800,0.333333,0.490521
4,3,0.26,0.1800,0.400000,0.490366
3,4,0.54,0.1500,0.433333,0.490312
2,2,0.26,0.1500,0.500000,0.490185
3,3,0.26,0.1500,0.500000,0.490185
4,4,0.26,0.1500,0.500000,0.490185
3,2,0.36,0.2100,0.466667,0.490046
4,3,0.36,0.2100,0.433333,0.489527
2,3,0.26,0.1800,0.366667,0.489309
2,4,0.36,0.1800,0.366667,0.489264
2,1,0.26,0.2100,0.433333,0.489241
4,2,0.26,0.2100,0.433333,0.489241
3,4,0.36,0.1500,0.533333,0.489065
2,3,0.36,0.1800,0.400000,0.488732
3,3,0.54,0.1800,0.400000,0.488732
2,3,0.26,0.1200,0.500000,0.488388
3,2,0.36,0.2100,0.433333,0.488256
2,3,0.36,0.2100,0.400000,0.487859
4,3,0.26,0.2100,0.400000,0.487856
4,3,0.36,0.1200,0.500000,0.487638
2,4,0.18,0.1200,0.600000,0.48749
3,4,0.36,0.1500,0.566667,0.487384
2,2,0.36,0.1200,0.433333,0.487331
3,3,0.36,0.1200,0.433333,0.487331
4,4,0.36,0.1200,0.433333,0.487331
3,2,0.26,0.1800,0.466667,0.487244
3,4,0.26,0.1500,0.500000,0.48704
4,3,0.18,0.1500,0.466667,0.487029
4,1,0.54,0.1800,0.400000,0.48691
3,2,0.54,0.2100,0.333333,0.486827
2,2,0.36,0.1200,0.466667,0.486572
3,3,0.36,0.1200,0.466667,0.486572
3,4,0.54,0.1200,0.400000,0.486572
4,4,0.36,0.1500,0.466667,0.486572
2,4,0.36,0.2100,0.366667,0.486432
3,2,0.72,0.2100,0.300000,0.486273
2,2,0.54,0.1800,0.333333,0.485923
4,4,0.54,0.1800,0.333333,0.485923
3,1,0.18,0.1200,0.566667,0.485898
3,2,0.36,0.1200,0.500000,0.48572
2,2,0.36,0.1500,0.366667,0.485714
3,3,0.36,0.1500,0.366667,0.485714
4,4,0.36,0.1500,0.366667,0.485714
2,2,0.36,0.1800,0.566667,0.485379
3,3,0.36,0.1800,0.566667,0.485379
4,4,0.36,0.1800,0.566667,0.485379
4,3,0.36,0.2100,0.466667,0.485372
3,1,0.26,0.2100,0.433333,0.48525
3,2,0.26,0.1500,0.433333,0.485114
2,4,0.26,0.2100,0.466667,0.485094
3,2,0.72,0.1800,0.300000,0.484968
3,4,0.18,0.1800,0.566667,0.484882
2,4,0.26,0.1800,0.466667,0.484546
2,2,0.36,0.1200,0.433333,0.484461
3,3,0.36,0.2100,0.433333,0.484461
4,3,0.36,0.2100,0.466667,0.484461
4,4,0.36,0.2100,0.433333,0.484461
2,2,0.36,0.2100,0.333333,0.484431
3,3,0.36,0.2100,0.333333,0.484431
4,4,0.36,0.2100,0.333333,0.484431
3,4,0.36,0.1500,0.433333,0.484223
2,2,0.18,0.2100,0.533333,0.483982
3,3,0.18,0.2100,0.533333,0.483982
4,4,0.18,0.2100,0.533333,0.483982
2,4,0.36,0.1500,0.366667,0.483568
2,1,0.54,0.1200,0.400000,0.483518
4,2,0.54,0.1200,0.400000,0.483518
3,4,0.36,0.1500,0.500000,0.48345
2,2,0.54,0.2100,0.333333,0.483387
3,3,0.54,0.2100,0.333333,0.483387
4,4,0.54,0.2100,0.333333,0.483387
2,1,0.18,0.1200,0.533333,0.483331
4,2,0.18,0.1200,0.533333,0.483331
3,2,0.36,0.2100,0.500000,0.483299
3,4,0.54,0.1200,0.400000,0.482918
3,4,0.36,0.1800,0.433333,0.482787
2,3,0.26,0.1500,0.500000,0.482699
2,3,0.54,0.1800,0.433333,0.482438
3,4,0.36,0.2100,0.333333,0.482231
3,3,0.72,0.1800,0.433333,0.481997
4,3,0.72,0.2100,0.300000,0.481947
3,2,0.18,0.2100,0.500000,0.481939
2,3,0.18,0.1800,0.566667,0.481531
4,3,0.72,0.1800,0.300000,0.481372
4,3,0.36,0.1200,0.433333,0.481208
4,3,0.26,0.1500,0.500000,0.481194
3,4,0.36,0.1500,0.466667,0.48088
3,3,0.72,0.1800,0.466667,0.480655
2,1,0.18,0.1800,0.533333,0.480582
4,2,0.18,0.1800,0.533333,0.480582
3,2,0.36,0.1500,0.400000,0.480535
3,4,0.72,0.1200,0.366667,0.480406
3,2,0.36,0.1200,0.466667,0.480046
2,1,0.26,0.1500,0.466667,0.479994
4,2,0.26,0.1500,0.466667,0.479994
2,1,0.36,0.1500,0.500000,0.479877
4,2,0.36,0.1500,0.500000,0.479877
3,4,0.36,0.1200,0.566667,0.479599
2,4,0.18,0.1800,0.566667,0.479301
3,4,0.36,0.1200,0.433333,0.47861
4,3,0.26,0.1200,0.466667,0.478608
3,4,0.18,0.1500,0.600000,0.478423
2,3,0.54,0.1800,0.400000,0.478161
2,2,0.26,0.1800,0.500000,0.477771
3,3,0.26,0.1800,0.500000,0.477771
4,4,0.26,0.1800,0.500000,0.477771
3,4,0.18,0.1200,0.466667,0.477434
3,1,0.72,0.2100,0.333333,0.477328
2,1,0.36,0.1800,0.466667,0.47722
4,2,0.36,0.1800,0.466667,0.47722
2,1,0.36,0.1200,0.566667,0.477102
4,2,0.36,0.1200,0.566667,0.477102
3,4,0.36,0.1800,0.466667,0.477056
2,3,0.36,0.1200,0.400000,0.477027
2,1,0.36,0.2100,0.500000,0.476733
4,2,0.36,0.2100,0.500000,0.476733
4,3,0.26,0.1200,0.500000,0.476691
3,4,0.36,0.1200,0.533333,0.476662
2,4,0.18,0.2100,0.566667,0.476463
4,3,0.18,0.1200,0.600000,0.476255
3,4,0.54,0.1500,0.366667,0.476161
3,4,0.26,0.1800,0.500000,0.475984
3,4,0.54,0.2100,0.400000,0.475967
2,3,0.36,0.1500,0.433333,0.475842
2,1,0.36,0.1500,0.433333,0.475836
4,2,0.36,0.1500,0.433333,0.475836
2,1,0.18,0.1200,0.566667,0.475805
4,2,0.18,0.1200,0.566667,0.475805
3,4,0.36,0.1200,0.466667,0.475662
2,2,0.18,0.1800,0.566667,0.475538
3,3,0.18,0.1800,0.566667,0.475538
4,4,0.18,0.1800,0.566667,0.475538
2,1,0.36,0.1500,0.466667,0.47543
3,4,0.54,0.1500,0.366667,0.47543
4,2,0.36,0.1800,0.466667,0.47543
2,1,0.36,0.1800,0.433333,0.475303
4,2,0.36,0.1800,0.433333,0.475303
3,2,0.36,0.2100,0.366667,0.474968
2,1,0.54,0.1500,0.600000,0.474884
2,3,0.18,0.1500,0.600000,0.474884
2,3,0.36,0.1800,0.433333,0.47483
3,3,0.54,0.1800,0.433333,0.47483
3,2,0.26,0.1500,0.500000,0.474145
4,1,0.18,0.1500,0.566667,0.474131
3,4,0.36,0.1200,0.500000,0.473968
2,3,0.18,0.2100,0.566667,0.473961
2,4,0.26,0.1200,0.500000,0.473773
3,4,0.36,0.1800,0.333333,0.473533
2,3,0.36,0.1500,0.533333,0.473253
2,3,0.54,0.1500,0.400000,0.473244
4,1,0.18,0.2100,0.433333,0.473227
4,1,0.26,0.1500,0.466667,0.473112
2,3,0.36,0.1500,0.500000,0.473025
4,3,0.36,0.2100,0.500000,0.472798
2,3,0.36,0.1500,0.566667,0.47275
4,3,0.26,0.2100,0.466667,0.472735
2,1,0.36,0.2100,0.466667,0.472692
4,2,0.36,0.2100,0.466667,0.472692
2,3,0.26,0.1800,0.500000,0.472687
3,4,0.36,0.2100,0.433333,0.472507
4,1,0.18,0.1500,0.466667,0.472326
2,3,0.54,0.1500,0.433333,0.472316
3,4,0.18,0.2100,0.566667,0.472152
2,2,0.26,0.1200,0.533333,0.471892
3,3,0.26,0.1200,0.533333,0.471892
4,4,0.26,0.1200,0.533333,0.471892
2,3,0.36,0.2100,0.333333,0.471852
3,2,0.18,0.1200,0.533333,0.471812
2,1,0.36,0.2100,0.400000,0.471798
4,2,0.36,0.2100,0.400000,0.471798
2,3,0.36,0.1200,0.433333,0.471649
3,4,0.26,0.1200,0.533333,0.471551
2,3,0.36,0.1500,0.466667,0.471403
2,2,0.18,0.1500,0.600000,0.471346
3,3,0.18,0.1500,0.600000,0.471346
4,4,0.18,0.1500,0.600000,0.471346
3,3,0.72,0.1800,0.333333,0.471336
2,3,0.54,0.1200,0.433333,0.471306
3,3,0.72,0.1800,0.400000,0.471301
2,2,0.36,0.1800,0.333333,0.471272
3,3,0.36,0.1800,0.333333,0.471272
4,4,0.36,0.1800,0.333333,0.471272
2,2,0.36,0.2100,0.466667,0.470984
3,3,0.36,0.2100,0.466667,0.470984
4,4,0.36,0.2100,0.466667,0.470984
3,2,0.18,0.1800,0.533333,0.470829
3,4,0.54,0.2100,0.433333,0.470776
3,4,0.18,0.1200,0.633333,0.470687
3,1,0.26,0.1500,0.466667,0.470513
2,2,0.26,0.1500,0.533333,0.469921
3,3,0.26,0.1500,0.533333,0.469921
4,4,0.26,0.1500,0.533333,0.469921
2,1,0.36,0.2100,0.433333,0.469758
4,2,0.36,0.2100,0.433333,0.469758
2,3,0.26,0.1200,0.533333,0.469359
3,1,0.18,0.1500,0.566667,0.469027
2,3,0.26,0.2100,0.500000,0.468956
3,2,0.36,0.2100,0.533333,0.468859
3,2,0.26,0.1200,0.500000,0.468664
3,4,0.36,0.1800,0.500000,0.468545
2,4,0.36,0.1500,0.400000,0.467836
3,2,0.36,0.1200,0.433333,0.467834
3,4,0.54,0.2100,0.366667,0.46775
3,4,0.26,0.2100,0.500000,0.467345
2,4,0.36,0.2100,0.400000,0.467222
2,3,0.36,0.1200,0.466667,0.467121
3,4,0.26,0.1500,0.533333,0.466908
2,4,0.18,0.1500,0.600000,0.466787
3,2,0.36,0.1800,0.366667,0.466637
3,4,0.72,0.1500,0.333333,0.466209
2,3,0.18,0.1200,0.633333,0.465982
3,2,0.18,0.1200,0.566667,0.46593
2,4,0.36,0.1800,0.400000,0.465834
2,1,0.26,0.1800,0.466667,0.465777
4,2,0.26,0.1800,0.466667,0.465777
2,3,0.36,0.2100,0.433333,0.465762
3,1,0.18,0.1500,0.466667,0.465731
3,1,0.72,0.1800,0.366667,0.465696
3,1,0.18,0.2100,0.433333,0.465629
2,4,0.26,0.1500,0.500000,0.465394
2,3,0.36,0.1800,0.333333,0.465274
3,3,0.54,0.1800,0.333333,0.465274
3,4,0.72,0.1800,0.333333,0.465272
2,3,0.36,0.1800,0.466667,0.465156
3,3,0.54,0.1800,0.466667,0.465156
2,4,0.26,0.2100,0.500000,0.465128
2,3,0.54,0.1200,0.400000,0.465079
2,1,0.36,0.1200,0.533333,0.465072
4,2,0.36,0.1200,0.533333,0.465072
4,1,0.26,0.1800,0.466667,0.4643
2,3,0.36,0.1200,0.533333,0.464261
4,3,0.26,0.1800,0.500000,0.464166
2,3,0.26,0.1500,0.533333,0.463995
2,3,0.36,0.1200,0.500000,0.463962
2,4,0.26,0.1800,0.366667,0.463685
3,3,0.72,0.1800,0.366667,0.463277
3,4,0.54,0.1800,0.333333,0.463075
3,2,0.26,0.2100,0.466667,0.46302
2,3,0.36,0.1200,0.566667,0.462782
3,4,0.54,0.2100,0.333333,0.462356
2,3,0.54,0.1500,0.366667,0.461946
2,2,0.26,0.2100,0.500000,0.461611
3,3,0.26,0.2100,0.500000,0.461611
4,4,0.26,0.2100,0.500000,0.461611
2,4,0.18,0.1200,0.633333,0.461534
4,3,0.18,0.2100,0.533333,0.461433
2,3,0.54,0.1800,0.366667,0.46104
2,2,0.72,0.2100,0.300000,0.460594
3,3,0.72,0.2100,0.300000,0.460594
4,4,0.72,0.2100,0.300000,0.460594
2,2,0.26,0.1800,0.533333,0.460462
3,3,0.26,0.1800,0.533333,0.460462
4,4,0.26,0.1800,0.533333,0.460462
3,4,0.54,0.1500,0.333333,0.459739
2,1,0.18,0.1500,0.566667,0.4597
4,2,0.18,0.1500,0.566667,0.4597
3,4,0.72,0.2100,0.366667,0.45966
3,4,0.54,0.2100,0.466667,0.459491
2,1,0.36,0.1200,0.500000,0.459313
4,2,0.36,0.1200,0.500000,0.459313
2,2,0.72,0.1800,0.300000,0.45922
4,4,0.72,0.1800,0.300000,0.45922
4,3,0.26,0.1500,0.533333,0.45915
2,4,0.26,0.1800,0.500000,0.458742
2,4,0.36,0.1200,0.400000,0.458595
2,1,0.72,0.1800,0.300000,0.458592
2,4,0.18,0.1800,0.600000,0.458151
4,2,0.72,0.1800,0.300000,0.45812
2,2,0.26,0.1500,0.566667,0.458115
3,3,0.26,0.1500,0.566667,0.458115
4,4,0.26,0.1500,0.566667,0.458115
2,4,0.18,0.2100,0.600000,0.45811
2,4,0.26,0.2100,0.366667,0.458082
2,2,0.26,0.1200,0.566667,0.458018
3,3,0.26,0.1200,0.566667,0.458018
4,4,0.26,0.1200,0.566667,0.458018
3,4,0.72,0.2100,0.333333,0.457801
3,1,0.26,0.1800,0.466667,0.457698
2,2,0.54,0.1500,0.433333,0.45762
3,3,0.54,0.1500,0.433333,0.45762
4,4,0.54,0.1500,0.433333,0.45762
3,4,0.36,0.1800,0.533333,0.457082
3,4,0.26,0.1200,0.566667,0.456984
2,3,0.54,0.2100,0.400000,0.456708
2,3,0.18,0.1800,0.400000,0.456584
3,2,0.26,0.1800,0.500000,0.456264
4,3,0.18,0.1800,0.566667,0.456247
4,3,0.18,0.1500,0.600000,0.455871
2,2,0.18,0.1200,0.633333,0.455599
3,3,0.18,0.1200,0.633333,0.455599
4,4,0.18,0.1200,0.633333,0.455599
4,3,0.26,0.1200,0.533333,0.45557
2,3,0.72,0.1200,0.366667,0.455446
3,4,0.26,0.1800,0.533333,0.455308
3,4,0.26,0.1500,0.566667,0.455098
2,3,0.72,0.2100,0.366667,0.454932
3,4,0.36,0.2100,0.466667,0.454658
2,2,0.54,0.2100,0.300000,0.454613
3,3,0.54,0.2100,0.300000,0.454613
4,4,0.54,0.2100,0.300000,0.454613
3,2,0.26,0.1500,0.533333,0.454611
2,3,0.18,0.2100,0.400000,0.454511
2,3,0.26,0.1200,0.566667,0.454491
2,3,0.54,0.2100,0.366667,0.454388
3,4,0.18,0.1800,0.600000,0.454256
4,1,0.36,0.1800,0.433333,0.454195
4,2,0.72,0.2100,0.300000,0.453951
2,3,0.36,0.1800,0.500000,0.453582
3,3,0.54,0.1800,0.500000,0.453582
4,3,0.18,0.2100,0.433333,0.45345
2,4,0.26,0.1200,0.533333,0.453265
2,3,0.26,0.1800,0.533333,0.452571
2,1,0.36,0.1200,0.466667,0.452488
4,2,0.36,0.1200,0.466667,0.452488
2,3,0.54,0.1200,0.366667,0.452371
2,2,0.36,0.2100,0.500000,0.452173
3,3,0.36,0.2100,0.500000,0.452173
4,4,0.36,0.2100,0.500000,0.452173
2,3,0.54,0.2100,0.333333,0.452153
3,2,0.26,0.2100,0.400000,0.452109
2,3,0.72,0.1500,0.366667,0.452094
2,3,0.26,0.1500,0.566667,0.45179
2,2,0.26,0.2100,0.366667,0.451728
3,3,0.26,0.2100,0.366667,0.451728
4,4,0.26,0.2100,0.366667,0.451728
2,2,0.26,0.1500,0.600000,0.451654
3,3,0.26,0.1500,0.600000,0.451654
4,4,0.26,0.1500,0.600000,0.451654
2,3,0.18,0.1800,0.600000,0.451528
2,3,0.54,0.1800,0.333333,0.451424
4,3,0.36,0.2100,0.533333,0.451204
3,2,0.18,0.1500,0.566667,0.450655
2,4,0.18,0.1800,0.400000,0.449736
2,3,0.18,0.2100,0.600000,0.449575
2,3,0.54,0.2100,0.433333,0.449424
3,4,0.18,0.2100,0.600000,0.449419
3,2,0.26,0.1200,0.533333,0.449388
4,3,0.26,0.1800,0.533333,0.449368
2,3,0.54,0.1500,0.333333,0.448942
2,2,0.18,0.2100,0.566667,0.448607
3,3,0.18,0.2100,0.566667,0.448607
4,4,0.18,0.2100,0.566667,0.448607
2,4,0.36,0.1500,0.433333,0.448145
2,1,0.18,0.2100,0.433333,0.44808
4,2,0.18,0.2100,0.433333,0.44808
2,4,0.36,0.1200,0.433333,0.447702
4,3,0.18,0.1200,0.500000,0.447605
2,2,0.26,0.1800,0.366667,0.447489
3,3,0.26,0.1800,0.366667,0.447489
4,4,0.26,0.1800,0.366667,0.447489
4,3,0.54,0.1500,0.433333,0.447205
2,2,0.26,0.1200,0.600000,0.447134
3,3,0.26,0.1200,0.600000,0.447134
4,4,0.26,0.1200,0.600000,0.447134
3,2,0.26,0.1200,0.466667,0.447032
2,4,0.36,0.1800,0.433333,0.447014
2,3,0.36,0.2100,0.466667,0.446922
4,3,0.54,0.2100,0.300000,0.446665
4,1,0.36,0.2100,0.433333,0.446566
2,3,0.72,0.1500,0.333333,0.446545
2,3,0.26,0.2100,0.533333,0.446438
2,4,0.26,0.1500,0.533333,0.446396
2,1,0.18,0.1500,0.466667,0.446139
4,2,0.18,0.1500,0.466667,0.446139
4,3,0.26,0.2100,0.500000,0.445637
3,4,0.26,0.1200,0.600000,0.445551
3,2,0.54,0.1500,0.433333,0.445395
3,2,0.26,0.1800,0.533333,0.445007
3,4,0.26,0.1500,0.600000,0.444927
2,4,0.36,0.2100,0.433333,0.444798
3,4,0.18,0.1500,0.633333,0.444756
2,3,0.72,0.1800,0.333333,0.444304
2,2,0.26,0.1500,0.633333,0.444052
3,3,0.26,0.1500,0.633333,0.444052
4,4,0.26,0.1500,0.633333,0.444052
2,4,0.26,0.2100,0.533333,0.443863
4,1,0.26,0.1800,0.433333,0.443746
2,1,0.26,0.1500,0.500000,0.443422
4,2,0.26,0.1500,0.500000,0.443422
2,4,0.26,0.1500,0.366667,0.443417
2,3,0.26,0.1200,0.600000,0.443334
3,2,0.26,0.1500,0.566667,0.443211
4,3,0.26,0.1500,0.566667,0.44316
2,1,0.26,0.1800,0.433333,0.443132
4,2,0.26,0.1800,0.433333,0.443132
3,4,0.26,0.2100,0.533333,0.442918
4,1,0.36,0.2100,0.466667,0.442864
4,1,0.36,0.1500,0.433333,0.442805
2,2,0.54,0.1800,0.300000,0.442797
4,4,0.54,0.1800,0.300000,0.442797
2,4,0.18,0.2100,0.400000,0.442762
4,3,0.18,0.1200,0.633333,0.442738
4,1,0.18,0.2100,0.533333,0.44251
2,3,0.72,0.1800,0.366667,0.442339
3,1,0.36,0.1800,0.433333,0.442017
4,1,0.18,0.1200,0.600000,0.441469
4,1,0.36,0.1800,0.466667,0.441031
3,4,0.18,0.1200,0.666667,0.441007
2,2,0.26,0.1800,0.566667,0.440814
3,3,0.26,0.1800,0.566667,0.440814
4,4,0.26,0.1800,0.566667,0.440814
2,2,0.26,0.1200,0.433333,0.439905
3,3,0.26,0.1200,0.433333,0.439905
4,4,0.26,0.1200,0.433333,0.439905
2,3,0.36,0.1800,0.533333,0.43989
3,3,0.54,0.1800,0.533333,0.43989
2,4,0.26,0.1800,0.533333,0.439852
2,4,0.36,0.1500,0.466667,0.439701
2,3,0.72,0.2100,0.333333,0.439212
3,4,0.36,0.1800,0.566667,0.439021
2,1,0.54,0.1500,0.633333,0.439005
2,3,0.18,0.1500,0.633333,0.439005
2,4,0.36,0.1200,0.466667,0.438949
3,1,0.26,0.1800,0.433333,0.438596
2,3,0.26,0.1500,0.600000,0.438585
2,2,0.72,0.2100,0.366667,0.438335
3,3,0.72,0.2100,0.366667,0.438335
4,4,0.72,0.2100,0.366667,0.438335
2,1,0.26,0.2100,0.466667,0.437974
4,2,0.26,0.2100,0.466667,0.437974
3,1,0.18,0.1200,0.600000,0.437968
3,1,0.18,0.2100,0.533333,0.437611
4,3,0.26,0.1200,0.566667,0.437259
3,2,0.26,0.1800,0.566667,0.437011
3,2,0.26,0.2100,0.500000,0.436821
4,1,0.26,0.2100,0.466667,0.436707
2,4,0.26,0.1200,0.566667,0.4365
3,2,0.72,0.1500,0.366667,0.436321
2,4,0.18,0.1500,0.633333,0.436219
4,3,0.26,0.1800,0.566667,0.435809
2,4,0.18,0.2100,0.633333,0.435765
2,2,0.26,0.2100,0.533333,0.435689
3,3,0.26,0.2100,0.533333,0.435689
4,4,0.26,0.2100,0.533333,0.435689
3,4,0.36,0.2100,0.500000,0.435425
2,2,0.72,0.1500,0.366667,0.435396
3,3,0.72,0.1500,0.366667,0.435396
4,4,0.72,0.1500,0.366667,0.435396
3,2,0.18,0.2100,0.433333,0.43503
4,1,0.54,0.1500,0.400000,0.434988
3,4,0.26,0.1200,0.633333,0.434967
3,2,0.26,0.1200,0.566667,0.434806
3,2,0.26,0.1800,0.400000,0.434736
3,2,0.18,0.1500,0.466667,0.434681
2,4,0.18,0.1800,0.633333,0.434316
3,4,0.26,0.1800,0.566667,0.434283
2,3,0.18,0.1200,0.666667,0.434259
2,4,0.36,0.2100,0.333333,0.434199
4,3,0.54,0.1800,0.300000,0.434172
2,3,0.26,0.1200,0.633333,0.433995
2,4,0.36,0.1500,0.500000,0.433938
2,3,0.54,0.2100,0.466667,0.433932
2,2,0.18,0.1800,0.600000,0.43378
3,3,0.18,0.1800,0.600000,0.43378
4,4,0.18,0.1800,0.600000,0.43378
3,4,0.54,0.1800,0.433333,0.433726
2,3,0.26,0.1800,0.566667,0.433429
2,2,0.26,0.1200,0.633333,0.433405
3,3,0.26,0.1200,0.633333,0.433405
4,4,0.26,0.1200,0.633333,0.433405
2,4,0.36,0.1200,0.500000,0.433324
2,2,0.54,0.1500,0.333333,0.433293
3,3,0.54,0.1500,0.333333,0.433293
4,4,0.54,0.1500,0.333333,0.433293
2,2,0.26,0.1500,0.666667,0.433255
3,3,0.26,0.1500,0.666667,0.433255
4,4,0.26,0.1500,0.666667,0.433255
4,1,0.18,0.1800,0.566667,0.433089
3,4,0.36,0.1200,0.400000,0.432933
3,1,0.36,0.2100,0.433333,0.432894
2,4,0.36,0.1800,0.333333,0.432801
2,1,0.72,0.2100,0.266667,0.432688
4,2,0.26,0.1200,0.500000,0.432239
3,2,0.26,0.1500,0.600000,0.432057
2,4,0.36,0.1800,0.466667,0.431577
2,4,0.18,0.1200,0.666667,0.431549
3,4,0.72,0.1500,0.366667,0.431446
2,1,0.18,0.1200,0.600000,0.431394
4,2,0.18,0.1200,0.600000,0.431394
3,4,0.18,0.2100,0.400000,0.431179
2,2,0.18,0.1500,0.633333,0.430574
3,3,0.18,0.1500,0.633333,0.430574
4,4,0.18,0.1500,0.633333,0.430574
3,4,0.26,0.1500,0.633333,0.43039
4,3,0.72,0.1500,0.366667,0.429991
2,1,0.26,0.1800,0.500000,0.429694
4,2,0.26,0.1800,0.500000,0.429694
2,4,0.36,0.1200,0.533333,0.429679
2,4,0.26,0.1500,0.566667,0.429363
3,4,0.18,0.1800,0.400000,0.429243
4,3,0.36,0.1800,0.533333,0.429042
3,1,0.26,0.2100,0.466667,0.428993
3,4,0.72,0.2100,0.300000,0.428931
2,2,0.36,0.2100,0.533333,0.428926
3,3,0.36,0.2100,0.533333,0.428926
4,4,0.36,0.2100,0.533333,0.428926
2,4,0.36,0.1200,0.566667,0.428883
2,1,0.18,0.2100,0.533333,0.428764
4,2,0.18,0.2100,0.533333,0.428764
3,4,0.72,0.1800,0.300000,0.428762
3,1,0.18,0.1800,0.566667,0.428092
3,2,0.26,0.1800,0.600000,0.428086
3,1,0.36,0.1800,0.466667,0.428042
4,1,0.36,0.1800,0.500000,0.427951
3,4,0.18,0.1800,0.633333,0.427401
2,3,0.36,0.2100,0.500000,0.427058
4,3,0.26,0.1500,0.600000,0.426916
2,2,0.18,0.1500,0.433333,0.426658
3,3,0.18,0.1500,0.433333,0.426658
4,4,0.18,0.1500,0.433333,0.426658
4,1,0.36,0.1500,0.466667,0.426424
2,4,0.36,0.1500,0.533333,0.426366
2,4,0.54,0.1500,0.433333,0.426065
3,4,0.54,0.2100,0.300000,0.425867
2,3,0.26,0.1200,0.666667,0.425817
2,4,0.36,0.2100,0.466667,0.425797
3,4,0.72,0.1800,0.366667,0.42558
3,2,0.54,0.2100,0.300000,0.42543
4,1,0.26,0.1500,0.500000,0.425274
4,4,0.72,0.1200,0.366667,0.42475
3,2,0.18,0.1200,0.600000,0.424506
2,2,0.72,0.1200,0.366667,0.4245
3,3,0.72,0.1200,0.366667,0.4245
3,4,0.18,0.2100,0.633333,0.424372
2,1,0.54,0.1200,0.433333,0.423287
4,2,0.54,0.1200,0.433333,0.423287
3,4,0.54,0.1800,0.300000,0.423218
3,2,0.26,0.1200,0.600000,0.423142
2,3,0.18,0.1800,0.633333,0.422661
3,4,0.26,0.1200,0.666667,0.422467
2,4,0.26,0.1200,0.600000,0.422397
2,4,0.54,0.1500,0.400000,0.422328
2,3,0.26,0.1500,0.633333,0.422196
2,2,0.26,0.1200,0.666667,0.422169
3,3,0.26,0.1200,0.666667,0.422169
4,4,0.26,0.1200,0.666667,0.422169
2,4,0.54,0.1800,0.400000,0.421869
3,1,0.36,0.2100,0.466667,0.421826
4,3,0.26,0.1800,0.600000,0.42182
2,3,0.18,0.2100,0.633333,0.421811
2,3,0.26,0.2100,0.566667,0.421777
3,1,0.72,0.1500,0.333333,0.42173
4,1,0.26,0.1800,0.500000,0.421669
3,2,0.26,0.1500,0.633333,0.421454
3,2,0.54,0.1800,0.300000,0.421254
2,1,0.54,0.1800,0.333333,0.42116
4,2,0.54,0.1800,0.333333,0.42116
3,1,0.26,0.1500,0.500000,0.420996
2,3,0.36,0.1800,0.566667,0.420925
3,3,0.54,0.1800,0.566667,0.420925
4,3,0.36,0.2100,0.566667,0.420632
2,4,0.26,0.1800,0.566667,0.420623
3,4,0.54,0.1200,0.366667,0.420051
3,2,0.18,0.2100,0.533333,0.419993
4,3,0.26,0.1200,0.600000,0.419224
2,3,0.26,0.1200,0.700000,0.419104
2,4,0.54,0.2100,0.333333,0.4191
2,1,0.18,0.1800,0.566667,0.419086
4,2,0.18,0.1800,0.566667,0.419086
4,3,0.26,0.1500,0.400000,0.418986
2,4,0.18,0.1500,0.400000,0.418804
2,2,0.18,0.1200,0.666667,0.418595
3,3,0.18,0.1200,0.666667,0.418595
4,4,0.18,0.1200,0.666667,0.418595
4,3,0.26,0.2100,0.533333,0.418397
3,4,0.18,0.1500,0.666667,0.418235
2,4,0.36,0.1800,0.500000,0.418135
4,3,0.72,0.1200,0.366667,0.41807
2,4,0.54,0.1200,0.400000,0.418041
2,4,0.54,0.1800,0.433333,0.417987
2,4,0.54,0.1200,0.466667,0.417916
2,4,0.54,0.1200,0.433333,0.417836
2,2,0.26,0.1800,0.600000,0.417518
3,3,0.26,0.1800,0.600000,0.417518
4,4,0.26,0.1800,0.600000,0.417518
4,3,0.18,0.1500,0.633333,0.417355
3,4,0.26,0.2100,0.566667,0.417291
4,3,0.72,0.2100,0.366667,0.41726
2,4,0.26,0.2100,0.566667,0.417224
2,4,0.36,0.1500,0.566667,0.416862
4,2,0.54,0.1500,0.433333,0.416794
2,1,0.36,0.1800,0.400000,0.416755
4,2,0.36,0.1800,0.400000,0.416755
2,2,0.72,0.1500,0.300000,0.416677
3,3,0.72,0.1500,0.300000,0.416677
4,4,0.72,0.1500,0.300000,0.416677
2,1,0.26,0.1500,0.533333,0.416485
4,2,0.26,0.1500,0.533333,0.416485
4,1,0.18,0.1200,0.500000,0.416365
4,3,0.18,0.2100,0.566667,0.416166
2,4,0.54,0.1800,0.366667,0.415382
4,3,0.36,0.2100,0.333333,0.414893
4,3,0.18,0.1800,0.433333,0.414874
2,1,0.54,0.2100,0.333333,0.414845
4,2,0.54,0.2100,0.333333,0.414845
2,4,0.54,0.1500,0.366667,0.414814
4,1,0.26,0.1200,0.500000,0.414663
2,4,0.54,0.1800,0.333333,0.414641
4,1,0.18,0.1500,0.600000,0.41453
3,4,0.36,0.2100,0.533333,0.414443
3,2,0.26,0.2100,0.533333,0.414345
2,2,0.18,0.2100,0.600000,0.414308
3,3,0.18,0.2100,0.600000,0.414308
4,4,0.18,0.2100,0.600000,0.414308
3,4,0.26,0.1500,0.666667,0.414051
3,1,0.36,0.1500,0.466667,0.413696
2,3,0.72,0.2100,0.300000,0.413488
3,1,0.26,0.1800,0.500000,0.413419
4,3,0.26,0.1500,0.633333,0.413277
3,4,0.18,0.1200,0.700000,0.413174
4,3,0.18,0.1800,0.600000,0.413107
3,4,0.26,0.1200,0.700000,0.413006
2,3,0.54,0.1800,0.300000,0.412761
2,4,0.54,0.2100,0.366667,0.412477
3,2,0.36,0.2100,0.566667,0.412306
2,3,0.72,0.1800,0.300000,0.412147
3,1,0.26,0.1200,0.500000,0.412127
2,4,0.26,0.1500,0.600000,0.411985
2,3,0.26,0.1800,0.600000,0.411921
3,1,0.36,0.1800,0.500000,0.411832
4,3,0.36,0.1800,0.333333,0.411573
3,4,0.26,0.1800,0.600000,0.411391
4,3,0.54,0.2100,0.433333,0.411176
2,2,0.18,0.1200,0.466667,0.411076
3,3,0.18,0.1200,0.466667,0.411076
4,4,0.18,0.1200,0.466667,0.411076
2,4,0.54,0.1800,0.466667,0.411065
2,3,0.54,0.2100,0.300000,0.411061
4,1,0.18,0.1800,0.433333,0.41076
2,4,0.54,0.1500,0.333333,0.410553
3,2,0.18,0.1800,0.566667,0.4104
2,4,0.26,0.1200,0.633333,0.410315
3,1,0.18,0.1200,0.500000,0.410276
2,4,0.54,0.1200,0.366667,0.41003
2,4,0.18,0.1500,0.666667,0.40995
3,1,0.18,0.1500,0.600000,0.40995
2,1,0.54,0.1500,0.666667,0.409829
2,3,0.18,0.1500,0.666667,0.409829
3,2,0.26,0.1800,0.633333,0.409177
4,3,0.18,0.1200,0.666667,0.408941
4,1,0.36,0.1500,0.500000,0.408697
2,1,0.26,0.1800,0.533333,0.408424
4,2,0.26,0.1800,0.533333,0.408424
2,1,0.26,0.2100,0.500000,0.408059
4,2,0.26,0.2100,0.500000,0.408059
3,2,0.26,0.1500,0.666667,0.408014
2,2,0.26,0.1200,0.700000,0.40799
3,3,0.26,0.1200,0.700000,0.40799
4,4,0.26,0.1200,0.700000,0.40799
2,4,0.18,0.2100,0.666667,0.40783
4,2,0.26,0.1200,0.533333,0.407605
2,4,0.18,0.1800,0.666667,0.407298
2,2,0.26,0.2100,0.566667,0.40727
3,3,0.26,0.2100,0.566667,0.40727
4,4,0.26,0.2100,0.566667,0.40727
2,4,0.36,0.1500,0.333333,0.406461
3,1,0.18,0.1800,0.433333,0.406454
4,3,0.72,0.1800,0.366667,0.40645
3,2,0.72,0.1800,0.366667,0.40633
2,3,0.36,0.2100,0.533333,0.406076
3,2,0.26,0.1200,0.633333,0.405819
2,3,0.26,0.1500,0.366667,0.405698
2,4,0.54,0.2100,0.400000,0.40533
3,2,0.36,0.1800,0.533333,0.405323
4,3,0.36,0.1500,0.366667,0.405253
2,4,0.36,0.2100,0.500000,0.404953
2,3,0.18,0.1200,0.700000,0.404894
3,4,0.72,0.1500,0.300000,0.404802
3,3,0.72,0.1800,0.300000,0.404472
2,4,0.18,0.1200,0.700000,0.40397
2,3,0.26,0.1500,0.666667,0.403593
4,3,0.26,0.1200,0.433333,0.40359
2,2,0.36,0.2100,0.566667,0.403172
3,3,0.36,0.2100,0.566667,0.403172
4,4,0.36,0.2100,0.566667,0.403172
2,4,0.36,0.1800,0.533333,0.402472
2,4,0.26,0.1200,0.400000,0.402405
4,1,0.26,0.2100,0.500000,0.401672
2,1,0.18,0.1500,0.600000,0.401429
4,2,0.18,0.1500,0.600000,0.401429
4,3,0.26,0.1800,0.633333,0.400589
3,1,0.36,0.1500,0.433333,0.400177
3,2,0.72,0.2100,0.366667,0.399809
2,4,0.26,0.1200,0.666667,0.399789
3,4,0.18,0.1800,0.666667,0.399473
4,1,0.36,0.1200,0.500000,0.398386
2,1,0.18,0.1200,0.500000,0.398351
4,2,0.18,0.1200,0.500000,0.398351
2,2,0.18,0.1800,0.633333,0.398258
3,3,0.18,0.1800,0.633333,0.398258
4,4,0.18,0.1800,0.633333,0.398258
4,3,0.26,0.1200,0.633333,0.398213
2,4,0.26,0.1800,0.600000,0.39809
2,1,0.26,0.1500,0.566667,0.398051
4,2,0.26,0.1500,0.566667,0.398051
2,1,0.26,0.1200,0.500000,0.398041
3,1,0.36,0.1500,0.500000,0.397812
3,1,0.54,0.2100,0.366667,0.396459
2,2,0.54,0.1800,0.433333,0.396441
4,4,0.54,0.1800,0.433333,0.396441
4,3,0.26,0.1500,0.666667,0.395878
2,2,0.18,0.1500,0.666667,0.395204
3,3,0.18,0.1500,0.666667,0.395204
4,4,0.18,0.1500,0.666667,0.395204
3,4,0.26,0.1500,0.700000,0.395141
4,1,0.36,0.1500,0.533333,0.39473
2,4,0.72,0.1800,0.366667,0.394639
2,1,0.18,0.1800,0.433333,0.394609
4,2,0.18,0.1800,0.433333,0.394609
2,1,0.26,0.1800,0.566667,0.394582
4,2,0.26,0.1800,0.566667,0.394582
2,4,0.54,0.2100,0.433333,0.394509
3,4,0.18,0.2100,0.666667,0.394082
3,4,0.36,0.2100,0.566667,0.393979
2,1,0.36,0.1500,0.400000,0.393591
4,2,0.36,0.1500,0.400000,0.393591
2,4,0.26,0.1500,0.633333,0.393569
3,2,0.18,0.1500,0.600000,0.393374
2,3,0.26,0.2100,0.600000,0.392739
3,4,0.18,0.1500,0.700000,0.392646
2,2,0.72,0.1800,0.366667,0.392434
4,4,0.72,0.1800,0.366667,0.392434
2,3,0.18,0.1800,0.666667,0.392158
2,3,0.72,0.1500,0.300000,0.39197
3,1,0.26,0.2100,0.500000,0.391965
4,3,0.54,0.1500,0.333333,0.391933
4,1,0.26,0.1500,0.433333,0.391705
2,2,0.26,0.1800,0.633333,0.390989
3,3,0.26,0.1800,0.633333,0.390989
4,4,0.26,0.1800,0.633333,0.390989
2,4,0.72,0.1200,0.366667,0.39075
2,4,0.54,0.1500,0.466667,0.389854
4,2,0.26,0.1200,0.566667,0.38949
3,2,0.26,0.1200,0.666667,0.389374
2,4,0.72,0.1500,0.366667,0.38914
2,3,0.18,0.2100,0.666667,0.388979
4,1,0.26,0.1800,0.533333,0.387668
3,4,0.18,0.1200,0.733333,0.387388
2,3,0.26,0.1800,0.633333,0.386885
3,4,0.26,0.2100,0.600000,0.386871
2,4,0.26,0.2100,0.600000,0.386745
4,1,0.26,0.1500,0.533333,0.3867
2,2,0.36,0.1500,0.566667,0.386486
3,3,0.36,0.1500,0.566667,0.386486
4,4,0.36,0.1500,0.566667,0.386486
2,4,0.26,0.1200,0.700000,0.38625
4,3,0.18,0.1500,0.666667,0.386246
2,1,0.26,0.1500,0.433333,0.386227
4,2,0.26,0.1500,0.433333,0.386227
2,4,0.72,0.1800,0.333333,0.386102
4,3,0.26,0.2100,0.566667,0.386077
3,2,0.26,0.2100,0.566667,0.385978
2,4,0.72,0.1500,0.333333,0.385871
4,1,0.26,0.1200,0.533333,0.385763
2,4,0.36,0.1800,0.566667,0.38571
2,3,0.36,0.2100,0.566667,0.385208
3,1,0.36,0.1200,0.500000,0.385071
3,4,0.26,0.1800,0.633333,0.384834
2,1,0.26,0.1500,0.600000,0.384811
4,2,0.26,0.1500,0.600000,0.384811
2,4,0.36,0.2100,0.533333,0.384641
3,1,0.26,0.1500,0.433333,0.384467
2,4,0.18,0.1500,0.700000,0.384366
2,1,0.36,0.1200,0.433333,0.384295
4,2,0.36,0.1200,0.433333,0.384295
2,2,0.18,0.1200,0.700000,0.384071
3,3,0.18,0.1200,0.700000,0.384071
4,4,0.18,0.1200,0.700000,0.384071
3,2,0.18,0.1800,0.433333,0.383706
2,4,0.72,0.2100,0.366667,0.383287
2,3,0.26,0.1500,0.700000,0.383102
3,2,0.18,0.1200,0.500000,0.382808
2,1,0.54,0.1500,0.700000,0.382756
2,3,0.18,0.1500,0.700000,0.382756
4,1,0.36,0.1200,0.533333,0.382459
3,2,0.26,0.1500,0.400000,0.38237
2,1,0.26,0.2100,0.533333,0.382329
4,2,0.26,0.2100,0.533333,0.382329
3,1,0.54,0.1200,0.400000,0.38207
3,2,0.26,0.1200,0.433333,0.381784
3,1,0.72,0.1800,0.333333,0.381569
2,3,0.26,0.2100,0.333333,0.38143
2,4,0.54,0.2100,0.466667,0.381167
4,3,0.54,0.1800,0.433333,0.380851
4,3,0.18,0.1800,0.633333,0.380733
2,4,0.72,0.2100,0.333333,0.380714
4,3,0.26,0.1200,0.666667,0.380625
2,4,0.72,0.1200,0.333333,0.380584
2,1,0.26,0.1800,0.600000,0.380089
4,2,0.26,0.1800,0.600000,0.380089
4,3,0.18,0.1200,0.700000,0.380045
3,2,0.54,0.1800,0.433333,0.380017
3,1,0.26,0.1500,0.533333,0.379821
3,4,0.26,0.2100,0.333333,0.379771
3,2,0.36,0.1800,0.333333,0.379397
4,1,0.18,0.2100,0.566667,0.379369
3,4,0.26,0.1500,0.366667,0.379328
4,1,0.26,0.2100,0.400000,0.378998
3,1,0.26,0.1200,0.533333,0.378995
3,1,0.26,0.1800,0.533333,0.378599
4,3,0.18,0.2100,0.600000,0.378093
2,4,0.18,0.1200,0.733333,0.378035
4,3,0.72,0.1500,0.300000,0.377892
2,3,0.36,0.1500,0.333333,0.377605
2,4,0.18,0.1800,0.700000,0.377589
2,3,0.18,0.1200,0.733333,0.377452
4,2,0.72,0.2100,0.366667,0.377265
2,2,0.54,0.1200,0.366667,0.377036
3,3,0.54,0.1200,0.366667,0.377036
4,3,0.54,0.1200,0.366667,0.377036
4,4,0.54,0.1200,0.366667,0.377036
3,2,0.36,0.1500,0.366667,0.376735
3,1,0.36,0.1500,0.533333,0.376726
3,4,0.72,0.1200,0.333333,0.376718
4,2,0.26,0.1200,0.600000,0.376305
3,4,0.54,0.1500,0.300000,0.376175
2,4,0.72,0.2100,0.400000,0.376122
2,2,0.18,0.2100,0.633333,0.375933
3,3,0.18,0.2100,0.633333,0.375933
4,4,0.18,0.2100,0.633333,0.375933
2,2,0.54,0.1200,0.466667,0.37583
3,3,0.54,0.1200,0.466667,0.37583
4,3,0.54,0.1200,0.466667,0.37583
4,4,0.54,0.1200,0.466667,0.37583
2,4,0.54,0.2100,0.300000,0.375502
3,2,0.26,0.1200,0.700000,0.375488
2,2,0.26,0.2100,0.600000,0.375366
3,3,0.26,0.2100,0.600000,0.375366
4,4,0.26,0.2100,0.600000,0.375366
4,1,0.36,0.1200,0.566667,0.374782
2,1,0.26,0.1500,0.633333,0.374708
4,2,0.26,0.1500,0.633333,0.374708
3,1,0.54,0.1800,0.366667,0.37457
3,2,0.72,0.2100,0.266667,0.374114
3,1,0.26,0.2100,0.400000,0.374079
4,1,0.18,0.1200,0.633333,0.373972
4,1,0.18,0.1800,0.600000,0.373873
2,4,0.26,0.1200,0.733333,0.373789
2,4,0.18,0.2100,0.700000,0.373766
3,1,0.18,0.2100,0.566667,0.373611
4,3,0.72,0.2100,0.266667,0.37355
2,1,0.26,0.1500,0.666667,0.37351
4,2,0.26,0.1500,0.666667,0.37351
3,3,0.72,0.1800,0.500000,0.373236
4,3,0.26,0.1800,0.666667,0.372894
2,3,0.26,0.1800,0.333333,0.372817
4,1,0.26,0.2100,0.533333,0.372644
2,4,0.26,0.1800,0.633333,0.37258
2,4,0.26,0.1500,0.666667,0.372337
3,2,0.36,0.2100,0.333333,0.371993
2,3,0.72,0.1200,0.333333,0.371378
2,2,0.36,0.1200,0.400000,0.371364
3,3,0.36,0.1200,0.400000,0.371364
4,4,0.36,0.1200,0.400000,0.371364
3,2,0.54,0.1500,0.333333,0.371235
4,3,0.36,0.1500,0.566667,0.371053
3,1,0.36,0.1200,0.533333,0.370747
2,1,0.54,0.1500,0.400000,0.370585
2,3,0.18,0.1500,0.400000,0.370585
2,3,0.54,0.1500,0.300000,0.369778
3,1,0.18,0.1200,0.633333,0.369713
2,1,0.26,0.2100,0.400000,0.369467
4,2,0.26,0.2100,0.400000,0.369467
2,1,0.26,0.1800,0.633333,0.36908
4,2,0.26,0.1800,0.633333,0.36908
3,4,0.26,0.1800,0.333333,0.36895
2,3,0.26,0.1200,0.733333,0.368279
3,1,0.18,0.1800,0.600000,0.368218
2,4,0.18,0.1200,0.433333,0.367439
3,4,0.18,0.1800,0.700000,0.367245
3,4,0.36,0.1500,0.333333,0.367229
2,4,0.54,0.1800,0.300000,0.366968
3,2,0.72,0.1500,0.300000,0.366805
4,3,0.72,0.1800,0.266667,0.366634
4,2,0.26,0.1200,0.633333,0.366453
2,4,0.36,0.1800,0.600000,0.366184
3,2,0.54,0.2100,0.433333,0.36542
2,4,0.36,0.1500,0.600000,0.365318
2,4,0.36,0.1200,0.600000,0.364919
3,4,0.18,0.1500,0.733333,0.364402
2,1,0.54,0.1800,0.433333,0.364361
4,2,0.54,0.1800,0.433333,0.364361
3,2,0.72,0.1800,0.266667,0.363973
2,4,0.36,0.2100,0.566667,0.363891
2,2,0.72,0.1200,0.333333,0.363717
3,3,0.72,0.1200,0.333333,0.363717
4,4,0.72,0.1200,0.333333,0.363465
2,2,0.18,0.1500,0.700000,0.363441
3,3,0.18,0.1500,0.700000,0.363441
4,4,0.18,0.1500,0.700000,0.363441
4,3,0.26,0.1200,0.700000,0.363131
2,1,0.26,0.1200,0.533333,0.36299
2,1,0.18,0.1200,0.633333,0.362701
4,2,0.18,0.1200,0.633333,0.362701
3,4,0.36,0.1200,0.600000,0.362631
2,1,0.18,0.2100,0.566667,0.362627
4,2,0.18,0.2100,0.566667,0.362627
2,3,0.26,0.1200,0.400000,0.362477
4,1,0.36,0.1200,0.466667,0.362473
3,4,0.18,0.1200,0.766667,0.362383
2,1,0.72,0.1800,0.366667,0.362377
3,2,0.54,0.1200,0.366667,0.362262
3,2,0.36,0.1500,0.566667,0.362228
2,2,0.18,0.1800,0.666667,0.362184
3,3,0.18,0.1800,0.666667,0.362184
4,4,0.18,0.1800,0.666667,0.362184
2,3,0.26,0.2100,0.633333,0.362002
4,1,0.72,0.1800,0.333333,0.361838
2,3,0.36,0.1200,0.600000,0.361667
2,2,0.26,0.1800,0.666667,0.36151
3,3,0.26,0.1800,0.666667,0.36151
4,4,0.26,0.1800,0.666667,0.36151
3,1,0.26,0.2100,0.533333,0.361392
4,2,0.72,0.1800,0.366667,0.361284
2,2,0.36,0.2100,0.600000,0.360674
3,3,0.36,0.2100,0.600000,0.360674
4,4,0.36,0.2100,0.600000,0.360674
4,3,0.18,0.1500,0.700000,0.360665
4,3,0.72,0.1200,0.333333,0.360437
2,3,0.36,0.2100,0.600000,0.360216
2,2,0.26,0.1500,0.700000,0.360176
3,3,0.26,0.1500,0.700000,0.360176
4,4,0.26,0.1500,0.700000,0.360176
2,2,0.72,0.1800,0.266667,0.360168
4,4,0.72,0.1800,0.266667,0.360168
2,3,0.26,0.1800,0.666667,0.360002
2,3,0.54,0.1800,0.466667,0.359887
2,4,0.72,0.2100,0.300000,0.35959
2,3,0.18,0.1800,0.700000,0.359342
3,4,0.36,0.2100,0.300000,0.358988
2,4,0.36,0.1200,0.366667,0.358875
3,4,0.18,0.2100,0.700000,0.358636
2,4,0.72,0.1800,0.300000,0.358533
4,3,0.26,0.1800,0.366667,0.358058
2,2,0.36,0.2100,0.300000,0.357983
3,3,0.36,0.2100,0.300000,0.357983
4,4,0.36,0.2100,0.300000,0.357983
2,1,0.26,0.2100,0.566667,0.357972
4,2,0.26,0.2100,0.566667,0.357972
3,4,0.54,0.1200,0.466667,0.357944
2,1,0.18,0.1800,0.600000,0.357391
4,2,0.18,0.1800,0.600000,0.357391
2,4,0.18,0.1500,0.733333,0.357046
2,4,0.26,0.1800,0.333333,0.356941
3,1,0.54,0.1500,0.366667,0.356874
2,4,0.26,0.2100,0.333333,0.356669
4,1,0.26,0.1800,0.566667,0.356514
3,2,0.18,0.1200,0.633333,0.356406
2,1,0.54,0.1800,0.300000,0.356067
4,2,0.54,0.1800,0.300000,0.356067
4,2,0.26,0.1200,0.666667,0.355577
4,3,0.18,0.1200,0.733333,0.355556
3,4,0.26,0.1800,0.666667,0.355115
2,2,0.36,0.1200,0.600000,0.35501
3,3,0.36,0.1200,0.600000,0.35501
4,4,0.36,0.1200,0.600000,0.35501
4,1,0.26,0.1800,0.400000,0.354978
4,1,0.18,0.1500,0.633333,0.354811
2,1,0.72,0.1500,0.366667,0.35456
4,2,0.72,0.1500,0.366667,0.35456
2,1,0.36,0.1800,0.366667,0.354251
4,2,0.36,0.1800,0.366667,0.354251
4,3,0.26,0.2100,0.366667,0.354166
3,1,0.36,0.1200,0.566667,0.354153
3,4,0.36,0.1800,0.300000,0.35408
4,1,0.26,0.1200,0.566667,0.354005
2,3,0.36,0.1800,0.600000,0.353876
3,3,0.54,0.1800,0.600000,0.353876
2,1,0.54,0.1500,0.733333,0.353819
2,3,0.18,0.1500,0.733333,0.353819
2,4,0.26,0.2100,0.633333,0.353748
2,4,0.18,0.1200,0.766667,0.353712
3,4,0.26,0.2100,0.633333,0.353029
2,3,0.36,0.1500,0.600000,0.352661
2,2,0.18,0.2100,0.400000,0.352432
3,3,0.18,0.2100,0.400000,0.352432
4,4,0.18,0.2100,0.400000,0.352432
4,1,0.26,0.1500,0.566667,0.35236
2,2,0.18,0.1200,0.733333,0.352284
3,3,0.18,0.1200,0.733333,0.352284
4,4,0.18,0.1200,0.733333,0.352284
2,3,0.18,0.2100,0.700000,0.352134
2,2,0.72,0.2100,0.266667,0.35213
3,3,0.72,0.2100,0.266667,0.35213
4,4,0.72,0.2100,0.266667,0.35213
3,2,0.18,0.2100,0.566667,0.352121
3,2,0.26,0.2100,0.600000,0.351964
4,2,0.26,0.1200,0.700000,0.351796
2,3,0.18,0.1200,0.766667,0.351615
3,2,0.54,0.1200,0.466667,0.351463
3,4,0.18,0.1500,0.400000,0.351295
3,4,0.26,0.1200,0.400000,0.351192
4,2,0.26,0.1200,0.466667,0.351022
2,3,0.72,0.2100,0.400000,0.350478
3,1,0.36,0.1200,0.466667,0.350213
3,1,0.18,0.1500,0.633333,0.349803
4,3,0.18,0.1800,0.666667,0.34968
2,2,0.36,0.1800,0.300000,0.349584
3,3,0.36,0.1800,0.300000,0.349584
4,4,0.36,0.1800,0.300000,0.349584
4,3,0.26,0.2100,0.600000,0.349519
2,3,0.54,0.1200,0.466667,0.349339
2,2,0.18,0.1800,0.400000,0.349297
3,3,0.18,0.1800,0.400000,0.349297
4,4,0.18,0.1800,0.400000,0.349297
3,1,0.26,0.1800,0.400000,0.349258
2,4,0.26,0.1500,0.700000,0.349026
2,3,0.36,0.1800,0.300000,0.348706
3,3,0.54,0.1800,0.300000,0.348706
2,4,0.18,0.2100,0.366667,0.348542
3,1,0.26,0.1800,0.566667,0.34804
2,1,0.36,0.2100,0.366667,0.348018
4,2,0.36,0.2100,0.366667,0.348018
3,1,0.54,0.1200,0.433333,0.347468
2,3,0.36,0.2100,0.300000,0.347399
3,2,0.18,0.1800,0.600000,0.347153
2,1,0.72,0.1800,0.266667,0.347034
4,2,0.72,0.1800,0.266667,0.346706
3,1,0.26,0.1200,0.566667,0.346498
3,4,0.26,0.1200,0.733333,0.346256
2,1,0.26,0.1800,0.400000,0.34624
4,2,0.26,0.1800,0.400000,0.34624
2,4,0.18,0.1800,0.366667,0.345448
3,1,0.26,0.1500,0.566667,0.345086
2,4,0.72,0.1500,0.300000,0.34477
4,1,0.26,0.2100,0.566667,0.344741
2,4,0.26,0.1800,0.666667,0.344398
2,4,0.18,0.1800,0.733333,0.344253
2,2,0.54,0.2100,0.466667,0.343306
3,3,0.54,0.2100,0.466667,0.343306
4,4,0.54,0.2100,0.466667,0.343306
4,3,0.18,0.1200,0.466667,0.343293
4,3,0.18,0.2100,0.633333,0.342978
2,4,0.36,0.2100,0.600000,0.341367
2,2,0.54,0.1500,0.300000,0.341007
3,3,0.54,0.1500,0.300000,0.341007
4,4,0.54,0.1500,0.300000,0.341007
4,3,0.36,0.1200,0.400000,0.340616
3,4,0.54,0.1500,0.466667,0.340499
3,2,0.72,0.1200,0.333333,0.340346
2,1,0.18,0.1500,0.633333,0.340319
4,2,0.18,0.1500,0.633333,0.340319
4,1,0.72,0.2100,0.333333,0.339928
4,1,0.54,0.2100,0.400000,0.339728
4,3,0.18,0.1500,0.733333,0.339706
2,1,0.36,0.2100,0.533333,0.338823
4,2,0.36,0.2100,0.533333,0.338823
3,4,0.36,0.1500,0.600000,0.338456
2,4,0.72,0.1200,0.400000,0.337717
2,2,0.26,0.2100,0.633333,0.337542
3,3,0.26,0.2100,0.633333,0.337542
4,4,0.26,0.2100,0.633333,0.337542
3,4,0.18,0.1200,0.800000,0.337471
2,3,0.18,0.2100,0.366667,0.337081
4,1,0.36,0.2100,0.400000,0.336509
4,2,0.72,0.2100,0.266667,0.335552
3,2,0.72,0.1200,0.366667,0.335156
3,4,0.36,0.2100,0.600000,0.334787
4,1,0.26,0.1200,0.433333,0.334208
4,3,0.54,0.2100,0.266667,0.334165
2,1,0.72,0.1200,0.333333,0.333915
4,2,0.72,0.1200,0.333333,0.333915
2,2,0.18,0.2100,0.666667,0.333904
3,3,0.18,0.2100,0.666667,0.333904
4,4,0.18,0.2100,0.666667,0.333904
2,4,0.54,0.1500,0.300000,0.333756
3,4,0.18,0.1500,0.766667,0.333583
2,2,0.26,0.1500,0.366667,0.333571
3,3,0.26,0.1500,0.366667,0.333571
4,4,0.26,0.1500,0.366667,0.333571
4,3,0.18,0.1500,0.433333,0.333531
2,2,0.18,0.1500,0.733333,0.333397
3,3,0.18,0.1500,0.733333,0.333397
4,4,0.18,0.1500,0.733333,0.333397
4,3,0.36,0.1800,0.566667,0.333224
4,1,0.18,0.1200,0.466667,0.332775
4,3,0.18,0.1200,0.766667,0.332465
2,1,0.54,0.2100,0.300000,0.332346
4,2,0.54,0.2100,0.300000,0.332346
2,4,0.18,0.2100,0.733333,0.332085
3,4,0.54,0.1800,0.466667,0.331982
3,4,0.18,0.1800,0.733333,0.331597
3,2,0.18,0.1500,0.633333,0.331336
3,1,0.26,0.2100,0.566667,0.331243
2,3,0.26,0.1800,0.700000,0.330971
2,3,0.18,0.1800,0.366667,0.330831
2,3,0.54,0.1500,0.466667,0.330744
2,1,0.26,0.2100,0.600000,0.330671
4,2,0.26,0.2100,0.600000,0.330671
3,4,0.36,0.1800,0.600000,0.33066
2,1,0.54,0.2100,0.433333,0.330379
4,2,0.54,0.2100,0.433333,0.330379
2,2,0.54,0.2100,0.266667,0.330189
3,3,0.54,0.2100,0.266667,0.330189
4,4,0.54,0.2100,0.266667,0.330189
2,2,0.54,0.1800,0.466667,0.330173
4,4,0.54,0.1800,0.466667,0.330173
2,4,0.18,0.1200,0.800000,0.330137
2,3,0.72,0.1200,0.400000,0.32996
4,1,0.72,0.1500,0.333333,0.329877
4,1,0.18,0.2100,0.600000,0.329862
4,2,0.54,0.1500,0.333333,0.329735
3,1,0.72,0.1800,0.300000,0.329718
2,1,0.26,0.1200,0.566667,0.329619
2,3,0.26,0.2100,0.666667,0.329487
2,1,0.36,0.1500,0.566667,0.329358
4,2,0.36,0.1500,0.566667,0.329358
3,4,0.72,0.1800,0.266667,0.329191
3,1,0.72,0.1500,0.366667,0.328731
2,2,0.54,0.1800,0.266667,0.328559
4,4,0.54,0.1800,0.266667,0.328559
2,3,0.36,0.1200,0.366667,0.328528
4,1,0.26,0.1800,0.600000,0.328516
3,1,0.72,0.2100,0.300000,0.328071
2,2,0.26,0.1800,0.333333,0.327727
3,3,0.26,0.1800,0.333333,0.327727
4,4,0.26,0.1800,0.333333,0.327727
2,4,0.18,0.1500,0.766667,0.327545
2,2,0.26,0.1800,0.700000,0.327476
3,3,0.26,0.1800,0.700000,0.327476
4,4,0.26,0.1800,0.700000,0.327476
2,2,0.36,0.1500,0.333333,0.327177
3,3,0.36,0.1500,0.333333,0.327177
4,4,0.36,0.1500,0.333333,0.327177
3,1,0.18,0.1200,0.466667,0.326996
2,3,0.18,0.1200,0.433333,0.326882
3,4,0.36,0.1200,0.366667,0.326827
4,3,0.54,0.1800,0.266667,0.326292
2,3,0.18,0.1200,0.800000,0.326073
3,1,0.36,0.2100,0.400000,0.325809
3,4,0.72,0.2100,0.266667,0.325677
3,2,0.36,0.1800,0.566667,0.325474
2,2,0.26,0.2100,0.333333,0.32521
3,3,0.26,0.2100,0.333333,0.32521
4,4,0.26,0.2100,0.333333,0.32521
4,2,0.26,0.1200,0.433333,0.324873
4,1,0.36,0.1800,0.400000,0.324471
4,1,0.18,0.1500,0.433333,0.323941
2,2,0.18,0.1800,0.700000,0.323782
3,3,0.18,0.1800,0.700000,0.323782
4,4,0.18,0.1800,0.700000,0.323782
2,4,0.26,0.1500,0.733333,0.323728
3,1,0.72,0.1800,0.466667,0.323363
3,2,0.26,0.1800,0.666667,0.323335
4,1,0.26,0.1200,0.466667,0.323313
3,1,0.18,0.2100,0.600000,0.323258
2,3,0.18,0.1800,0.733333,0.323152
2,1,0.54,0.1500,0.766667,0.323091
2,3,0.18,0.1500,0.766667,0.323091
4,1,0.18,0.1800,0.633333,0.322567
4,1,0.18,0.1200,0.666667,0.32256
2,4,0.36,0.1800,0.300000,0.322337
3,1,0.26,0.1200,0.466667,0.322194
3,4,0.26,0.1800,0.700000,0.322135
2,2,0.18,0.1200,0.766667,0.322008
3,3,0.18,0.1200,0.766667,0.322008
4,4,0.18,0.1200,0.766667,0.322008
3,2,0.54,0.1800,0.266667,0.321991
2,4,0.72,0.1800,0.400000,0.321982
4,1,0.26,0.1200,0.600000,0.320994
4,1,0.26,0.1500,0.400000,0.320984
3,2,0.54,0.2100,0.266667,0.320726
3,2,0.26,0.2100,0.366667,0.31935
2,4,0.26,0.2100,0.666667,0.319251
2,2,0.36,0.1800,0.600000,0.319156
3,3,0.36,0.1800,0.600000,0.319156
4,4,0.36,0.1800,0.600000,0.319156
4,3,0.18,0.1500,0.766667,0.319068
3,2,0.26,0.1800,0.366667,0.318883
4,1,0.26,0.1500,0.600000,0.318627
3,1,0.18,0.1200,0.666667,0.318251
3,1,0.18,0.1500,0.433333,0.318215
4,3,0.18,0.1800,0.700000,0.318134
3,1,0.36,0.1800,0.400000,0.316841
3,1,0.26,0.1800,0.600000,0.316785
4,3,0.36,0.2100,0.600000,0.316491
3,4,0.26,0.2100,0.666667,0.316408
2,2,0.54,0.1500,0.466667,0.316315
3,3,0.54,0.1500,0.466667,0.316315
4,4,0.54,0.1500,0.466667,0.316315
3,1,0.26,0.1200,0.433333,0.316228
3,1,0.18,0.1800,0.633333,0.316145
2,1,0.18,0.1200,0.466667,0.316013
4,2,0.18,0.1200,0.466667,0.316013
3,2,0.36,0.1200,0.400000,0.315934
2,1,0.36,0.1800,0.533333,0.315745
4,2,0.36,0.1800,0.533333,0.315745
2,3,0.72,0.2100,0.266667,0.315353
3,4,0.18,0.2100,0.733333,0.31501
3,4,0.54,0.1800,0.266667,0.314552
2,4,0.26,0.1800,0.700000,0.314092
2,1,0.26,0.1500,0.400000,0.31363
4,2,0.26,0.1500,0.400000,0.31363
3,2,0.26,0.2100,0.633333,0.313533
3,1,0.26,0.1200,0.600000,0.313106
2,1,0.26,0.1200,0.466667,0.312884
3,4,0.18,0.1200,0.833333,0.312531
2,4,0.36,0.2100,0.300000,0.312517
3,4,0.18,0.1200,0.433333,0.31251
3,1,0.26,0.1500,0.600000,0.312145
3,4,0.72,0.2100,0.400000,0.311946
2,2,0.26,0.1200,0.400000,0.311754
3,3,0.26,0.1200,0.400000,0.311754
4,4,0.26,0.1200,0.400000,0.311754
2,3,0.26,0.1500,0.733333,0.311588
2,2,0.26,0.1200,0.733333,0.311429
3,3,0.26,0.1200,0.733333,0.311429
4,4,0.26,0.1200,0.733333,0.311429
4,3,0.36,0.1200,0.600000,0.311203
4,3,0.54,0.1500,0.466667,0.311181
2,1,0.18,0.2100,0.600000,0.310447
4,2,0.18,0.2100,0.600000,0.310447
3,4,0.18,0.2100,0.366667,0.309413
2,1,0.18,0.1200,0.666667,0.309227
4,2,0.18,0.1200,0.666667,0.309227
3,4,0.72,0.1500,0.400000,0.309138
4,3,0.26,0.2100,0.633333,0.309024
2,2,0.36,0.1200,0.366667,0.308694
3,3,0.36,0.1200,0.366667,0.308694
4,4,0.36,0.1200,0.366667,0.308694
4,3,0.36,0.1800,0.300000,0.308456
2,3,0.72,0.1800,0.266667,0.308328
2,4,0.18,0.1800,0.766667,0.307928
2,3,0.18,0.2100,0.733333,0.307886
3,2,0.54,0.1500,0.466667,0.307606
2,4,0.18,0.1200,0.833333,0.30722
4,3,0.18,0.2100,0.666667,0.306881
3,1,0.26,0.1500,0.400000,0.306619
2,1,0.72,0.2100,0.300000,0.305997
3,2,0.18,0.1200,0.466667,0.305969
4,3,0.18,0.1200,0.800000,0.305346
3,4,0.18,0.1800,0.366667,0.304888
2,2,0.18,0.1500,0.766667,0.304658
3,3,0.18,0.1500,0.766667,0.304658
4,4,0.18,0.1500,0.766667,0.304658
2,2,0.72,0.1500,0.266667,0.304282
3,3,0.72,0.1500,0.266667,0.304282
4,4,0.72,0.1500,0.266667,0.304282
3,2,0.72,0.1500,0.400000,0.304241
2,1,0.54,0.1200,0.366667,0.304132
4,2,0.54,0.1200,0.366667,0.304132
2,1,0.18,0.1800,0.633333,0.303794
4,2,0.18,0.1800,0.633333,0.303794
2,1,0.18,0.1500,0.433333,0.303503
4,2,0.18,0.1500,0.433333,0.303503
3,2,0.36,0.1200,0.600000,0.302479
4,1,0.18,0.2100,0.400000,0.302331
2,1,0.72,0.1500,0.300000,0.30196
4,2,0.72,0.1500,0.300000,0.30196
4,3,0.72,0.1500,0.400000,0.301803
3,4,0.72,0.1200,0.400000,0.301632
3,4,0.54,0.2100,0.266667,0.301524
2,4,0.72,0.1500,0.400000,0.301345
2,1,0.26,0.1200,0.433333,0.301029
3,1,0.72,0.1200,0.400000,0.300859
2,3,0.54,0.1800,0.266667,0.300732
3,4,0.18,0.1500,0.800000,0.300466
2,3,0.18,0.1200,0.833333,0.300285
4,1,0.18,0.1500,0.666667,0.300237
2,1,0.36,0.1500,0.366667,0.300219
4,2,0.36,0.1500,0.366667,0.300219
3,2,0.18,0.1200,0.666667,0.300079
4,1,0.36,0.1500,0.400000,0.299815
3,1,0.72,0.2100,0.366667,0.299024
2,1,0.26,0.2100,0.633333,0.298307
4,2,0.26,0.2100,0.633333,0.298307
3,2,0.18,0.2100,0.600000,0.298055
3,1,0.18,0.2100,0.400000,0.297427
2,2,0.72,0.1500,0.400000,0.296941
3,3,0.72,0.1500,0.400000,0.296941
4,4,0.72,0.1500,0.400000,0.296941
2,2,0.26,0.2100,0.666667,0.296804
3,3,0.26,0.2100,0.666667,0.296804
4,4,0.26,0.2100,0.666667,0.296804
3,4,0.26,0.1500,0.733333,0.296751
2,4,0.26,0.1500,0.333333,0.296702
4,3,0.54,0.2100,0.466667,0.29653
2,3,0.72,0.1500,0.400000,0.29636
2,4,0.18,0.1500,0.800000,0.295923
4,1,0.54,0.1200,0.400000,0.29588
4,1,0.18,0.1800,0.400000,0.295527
2,1,0.26,0.1200,0.600000,0.294983
4,1,0.54,0.1800,0.366667,0.294599
3,1,0.18,0.1500,0.666667,0.294579
4,4,0.72,0.1200,0.400000,0.294477
2,3,0.26,0.2100,0.700000,0.294071
2,2,0.72,0.1200,0.400000,0.293836
3,3,0.72,0.1200,0.400000,0.293836
2,2,0.72,0.2100,0.400000,0.293807
3,3,0.72,0.2100,0.400000,0.293807
4,4,0.72,0.2100,0.400000,0.293807
3,4,0.18,0.1800,0.766667,0.293353
4,3,0.18,0.1500,0.800000,0.293271
3,2,0.18,0.1500,0.433333,0.292777
3,2,0.18,0.1800,0.633333,0.291885
3,1,0.54,0.1500,0.433333,0.291541
4,3,0.36,0.2100,0.300000,0.291307
4,3,0.36,0.1500,0.333333,0.2912
2,1,0.72,0.1200,0.366667,0.291181
4,2,0.72,0.1200,0.366667,0.291181
4,3,0.72,0.1800,0.400000,0.291023
4,1,0.54,0.2100,0.366667,0.290845
3,1,0.18,0.1800,0.400000,0.290502
2,3,0.54,0.2100,0.266667,0.289836
3,1,0.36,0.1500,0.400000,0.289821
2,1,0.36,0.1800,0.333333,0.289717
4,2,0.36,0.1800,0.333333,0.289717
2,3,0.54,0.1200,0.333333,0.289707
2,1,0.54,0.1500,0.800000,0.289502
2,3,0.18,0.1500,0.800000,0.289502
4,3,0.18,0.2100,0.400000,0.289376
2,3,0.72,0.1800,0.400000,0.289137
2,4,0.54,0.2100,0.500000,0.289068
2,2,0.18,0.2100,0.700000,0.288731
3,3,0.18,0.2100,0.700000,0.288731
4,4,0.18,0.2100,0.700000,0.288731
2,2,0.18,0.1200,0.800000,0.288634
3,3,0.18,0.1200,0.800000,0.288634
4,4,0.18,0.1200,0.800000,0.288634
2,1,0.18,0.2100,0.400000,0.288622
4,2,0.18,0.2100,0.400000,0.288622
4,2,0.54,0.1500,0.466667,0.288273
2,1,0.36,0.1200,0.400000,0.287971
4,2,0.36,0.1200,0.400000,0.287971
2,2,0.36,0.1500,0.600000,0.28776
3,3,0.36,0.1500,0.600000,0.28776
4,4,0.36,0.1500,0.600000,0.28776
4,1,0.26,0.1200,0.633333,0.287194
2,4,0.54,0.1200,0.333333,0.286902
3,3,0.72,0.1800,0.266667,0.286385
4,1,0.26,0.1500,0.633333,0.286253
2,4,0.18,0.2100,0.766667,0.286235
3,4,0.18,0.1200,0.866667,0.285887
2,4,0.36,0.1500,0.300000,0.285696
3,4,0.72,0.1500,0.266667,0.285586
4,1,0.54,0.1500,0.366667,0.285385
3,1,0.72,0.1500,0.400000,0.285329
4,1,0.36,0.1800,0.366667,0.284936
2,3,0.18,0.1800,0.766667,0.28465
4,3,0.18,0.1800,0.733333,0.28442
4,3,0.54,0.1800,0.466667,0.284014
2,1,0.18,0.1500,0.666667,0.283573
4,2,0.18,0.1500,0.666667,0.283573
2,4,0.18,0.1200,0.866667,0.283522
2,2,0.72,0.1800,0.400000,0.283067
4,4,0.72,0.1800,0.400000,0.283067
2,1,0.18,0.1800,0.400000,0.282931
4,2,0.18,0.1800,0.400000,0.282931
2,4,0.26,0.2100,0.700000,0.282872
4,3,0.26,0.1200,0.400000,0.282784
3,1,0.54,0.1800,0.333333,0.282766
4,3,0.26,0.1500,0.700000,0.282644
4,1,0.26,0.1800,0.366667,0.282584
4,3,0.18,0.1800,0.400000,0.282292
2,2,0.18,0.1800,0.733333,0.282244
3,3,0.18,0.1800,0.733333,0.282244
3,2,0.36,0.1800,0.300000,0.282244
4,4,0.18,0.1800,0.733333,0.282244
2,4,0.26,0.1800,0.733333,0.282105
4,3,0.26,0.1500,0.366667,0.281414
3,1,0.26,0.1200,0.633333,0.281143
4,3,0.54,0.1500,0.300000,0.280175
2,1,0.72,0.1200,0.400000,0.279801
4,2,0.72,0.1200,0.400000,0.279801
4,1,0.18,0.2100,0.633333,0.279688
3,4,0.54,0.1200,0.333333,0.279623
3,4,0.72,0.1800,0.400000,0.279369
4,1,0.36,0.2100,0.366667,0.279256
2,2,0.18,0.1500,0.400000,0.278775
3,3,0.18,0.1500,0.400000,0.278775
4,4,0.18,0.1500,0.400000,0.278775
3,2,0.18,0.2100,0.400000,0.278754
2,1,0.54,0.1800,0.266667,0.278011
4,2,0.54,0.1800,0.266667,0.278011
3,4,0.26,0.2100,0.700000,0.27694
2,1,0.36,0.2100,0.333333,0.276587
4,2,0.36,0.2100,0.333333,0.276587
4,1,0.26,0.2100,0.366667,0.2762
2,4,0.54,0.1200,0.500000,0.275689
4,1,0.18,0.1200,0.700000,0.275519
3,2,0.54,0.2100,0.466667,0.27549
3,1,0.26,0.1500,0.633333,0.275386
3,1,0.36,0.1800,0.366667,0.275332
4,1,0.54,0.1200,0.433333,0.275235
2,1,0.72,0.1500,0.400000,0.275069
4,2,0.72,0.1500,0.400000,0.275069
3,2,0.18,0.1800,0.400000,0.274932
2,4,0.36,0.1200,0.633333,0.274768
3,1,0.26,0.1800,0.366667,0.274499
3,1,0.54,0.2100,0.333333,0.274284
4,3,0.18,0.1200,0.833333,0.274203
2,3,0.18,0.1200,0.866667,0.27404
4,3,0.36,0.1200,0.366667,0.273981
2,3,0.36,0.1500,0.300000,0.27394
2,2,0.18,0.1500,0.800000,0.273939
3,3,0.18,0.1500,0.800000,0.273939
4,4,0.18,0.1500,0.800000,0.273939
4,1,0.18,0.1800,0.666667,0.273927
3,2,0.36,0.1500,0.333333,0.273826
3,2,0.18,0.1500,0.666667,0.273242
3,1,0.18,0.2100,0.633333,0.272466
3,2,0.72,0.1800,0.400000,0.271423
2,3,0.26,0.1800,0.733333,0.271142
3,2,0.72,0.2100,0.233333,0.270901
4,3,0.72,0.2100,0.400000,0.270544
2,2,0.18,0.1200,0.433333,0.270464
3,3,0.18,0.1200,0.433333,0.270464
4,4,0.18,0.1200,0.433333,0.270464
3,1,0.18,0.1200,0.700000,0.270366
3,1,0.36,0.2100,0.366667,0.270039
2,4,0.54,0.1800,0.500000,0.269981
3,2,0.36,0.1200,0.366667,0.26995
4,1,0.36,0.1800,0.333333,0.26986
3,2,0.26,0.2100,0.666667,0.269811
2,3,0.54,0.2100,0.500000,0.269625
2,1,0.54,0.1200,0.466667,0.269199
4,2,0.54,0.1200,0.466667,0.269199
4,3,0.18,0.2100,0.700000,0.269146
2,3,0.36,0.1200,0.633333,0.268766
3,1,0.36,0.2100,0.500000,0.268454
2,4,0.18,0.1800,0.800000,0.26828
2,2,0.54,0.1200,0.333333,0.268275
3,3,0.54,0.1200,0.333333,0.268275
4,3,0.54,0.1200,0.333333,0.268275
4,4,0.54,0.1200,0.333333,0.268275
2,4,0.26,0.1200,0.766667,0.26789
3,2,0.26,0.1200,0.400000,0.267794
3,2,0.72,0.1200,0.400000,0.267759
3,1,0.18,0.1800,0.666667,0.267569
3,1,0.26,0.2100,0.366667,0.26732
3,4,0.18,0.2100,0.766667,0.267191
4,3,0.72,0.1200,0.400000,0.26709
2,3,0.72,0.1500,0.266667,0.266796
3,1,0.72,0.1500,0.300000,0.265899
3,4,0.18,0.1500,0.833333,0.264895
3,4,0.54,0.1500,0.266667,0.264619
3,2,0.72,0.1800,0.233333,0.264549
4,3,0.72,0.2100,0.233333,0.264491
4,3,0.26,0.2100,0.666667,0.264103
2,1,0.26,0.1800,0.366667,0.263901
4,2,0.26,0.1800,0.366667,0.263901
2,1,0.72,0.2100,0.233333,0.263389
4,3,0.72,0.1800,0.233333,0.263058
2,4,0.36,0.1500,0.633333,0.262871
2,3,0.26,0.1500,0.333333,0.262584
2,4,0.54,0.2100,0.266667,0.26255
4,3,0.18,0.1500,0.833333,0.262346
3,1,0.54,0.1800,0.300000,0.261965
3,4,0.54,0.1200,0.500000,0.261964
2,4,0.18,0.1500,0.833333,0.261957
2,1,0.26,0.2100,0.666667,0.261843
4,2,0.26,0.2100,0.666667,0.261843
2,1,0.26,0.1200,0.633333,0.261805
2,4,0.72,0.2100,0.433333,0.26172
2,1,0.72,0.1800,0.233333,0.261262
2,4,0.72,0.2100,0.266667,0.261138
2,4,0.18,0.1500,0.366667,0.261104
4,2,0.72,0.1800,0.233333,0.260946
2,3,0.54,0.1200,0.500000,0.260889
3,2,0.26,0.1500,0.366667,0.260859
2,4,0.54,0.1500,0.500000,0.260472
2,1,0.18,0.1200,0.700000,0.260401
4,2,0.18,0.1200,0.700000,0.260401
3,2,0.26,0.1500,0.700000,0.260316
2,1,0.26,0.2100,0.366667,0.259826
4,2,0.26,0.2100,0.366667,0.259826
4,1,0.54,0.1500,0.433333,0.259799
2,3,0.18,0.2100,0.766667,0.259585
3,2,0.54,0.1800,0.466667,0.25948
3,4,0.54,0.2100,0.500000,0.259309
3,1,0.72,0.1200,0.333333,0.25916
2,4,0.72,0.1800,0.266667,0.258886
2,1,0.18,0.2100,0.633333,0.25845
4,2,0.18,0.2100,0.633333,0.25845
2,4,0.18,0.1200,0.900000,0.258415
3,2,0.54,0.1500,0.300000,0.258185
4,1,0.72,0.1800,0.300000,0.258167
3,4,0.36,0.1200,0.633333,0.257422
3,1,0.54,0.1200,0.366667,0.257213
4,1,0.36,0.1200,0.433333,0.257166
2,4,0.54,0.1800,0.266667,0.257139
3,4,0.18,0.1200,0.900000,0.256555
2,3,0.26,0.2100,0.733333,0.256014
2,4,0.26,0.1200,0.366667,0.255823
4,1,0.26,0.1500,0.666667,0.255462
2,3,0.54,0.1500,0.266667,0.255145
4,3,0.26,0.1800,0.333333,0.254953
3,4,0.36,0.1500,0.300000,0.254066
4,2,0.72,0.2100,0.233333,0.254037
4,1,0.26,0.1200,0.400000,0.253951
2,3,0.54,0.1800,0.500000,0.253897
4,1,0.26,0.1200,0.666667,0.25368
3,2,0.36,0.2100,0.600000,0.253677
3,2,0.36,0.2100,0.300000,0.253641
2,2,0.18,0.1200,0.833333,0.2536
3,3,0.18,0.1200,0.833333,0.2536
4,4,0.18,0.1200,0.833333,0.2536
2,4,0.72,0.1200,0.300000,0.253578
2,1,0.18,0.1800,0.666667,0.253575
4,2,0.18,0.1800,0.666667,0.253575
2,2,0.26,0.2100,0.700000,0.253573
3,3,0.26,0.2100,0.700000,0.253573
4,4,0.26,0.2100,0.700000,0.253573
2,1,0.54,0.1500,0.833333,0.25348
2,3,0.18,0.1500,0.833333,0.25348
3,1,0.36,0.1800,0.333333,0.253277
4,1,0.36,0.1500,0.366667,0.252917
4,3,0.72,0.1500,0.266667,0.252863
2,2,0.36,0.1200,0.633333,0.25276
3,3,0.36,0.1200,0.633333,0.25276
4,4,0.36,0.1200,0.633333,0.25276
2,2,0.72,0.1800,0.233333,0.25168
4,4,0.72,0.1800,0.233333,0.25168
2,3,0.54,0.1500,0.500000,0.251534
4,1,0.36,0.2100,0.500000,0.251332
3,4,0.18,0.1800,0.800000,0.250563
3,2,0.18,0.1200,0.700000,0.250433
3,2,0.54,0.1200,0.333333,0.250367
4,1,0.18,0.1500,0.700000,0.249898
4,2,0.72,0.2100,0.400000,0.249848
3,1,0.54,0.1500,0.333333,0.249443
3,1,0.54,0.1500,0.466667,0.249179
2,3,0.36,0.1500,0.633333,0.249084
4,3,0.36,0.1500,0.600000,0.248974
2,1,0.36,0.2100,0.566667,0.248775
4,2,0.36,0.2100,0.566667,0.248775
4,2,0.72,0.1800,0.400000,0.248528
2,3,0.26,0.2100,0.300000,0.248346
2,1,0.72,0.1800,0.400000,0.248339
2,1,0.72,0.2100,0.333333,0.247706
3,2,0.72,0.2100,0.400000,0.247647
3,1,0.36,0.1200,0.433333,0.247369
2,4,0.36,0.1800,0.633333,0.247105
4,3,0.18,0.1800,0.766667,0.246865
2,1,0.36,0.1200,0.366667,0.246539
4,2,0.36,0.1200,0.366667,0.246539
3,2,0.72,0.1200,0.433333,0.2464
2,4,0.18,0.2100,0.333333,0.246263
2,1,0.54,0.2100,0.266667,0.245858
4,2,0.54,0.2100,0.266667,0.245858
2,4,0.18,0.1200,0.400000,0.245698
3,4,0.26,0.2100,0.300000,0.245617
3,2,0.18,0.2100,0.633333,0.244741
2,4,0.26,0.2100,0.733333,0.244325
3,4,0.26,0.1500,0.333333,0.244
2,3,0.18,0.1200,0.900000,0.24384
3,1,0.36,0.1500,0.366667,0.243734
3,1,0.26,0.1200,0.666667,0.243695
3,1,0.18,0.1500,0.700000,0.243404
3,3,0.72,0.1800,0.533333,0.242585
3,4,0.26,0.1800,0.733333,0.242141
2,3,0.26,0.1800,0.300000,0.242122
2,3,0.18,0.1800,0.800000,0.241886
3,4,0.36,0.1500,0.633333,0.241855
4,3,0.72,0.1200,0.433333,0.241529
4,3,0.18,0.1200,0.866667,0.240706
4,1,0.72,0.1500,0.400000,0.240563
2,1,0.54,0.1200,0.500000,0.24056
4,2,0.54,0.1200,0.500000,0.24056
3,1,0.26,0.1200,0.400000,0.240493
2,4,0.18,0.1800,0.333333,0.240268
3,2,0.18,0.1800,0.666667,0.240234
2,2,0.18,0.1500,0.833333,0.240089
3,3,0.18,0.1500,0.833333,0.240089
4,4,0.18,0.1500,0.833333,0.240089
4,2,0.26,0.1200,0.400000,0.239833
3,4,0.26,0.1800,0.300000,0.239696
3,1,0.26,0.1800,0.633333,0.239341
2,2,0.54,0.2100,0.500000,0.239215
3,3,0.54,0.2100,0.500000,0.239215
4,4,0.54,0.2100,0.500000,0.239215
3,2,0.36,0.1500,0.600000,0.239045
2,1,0.54,0.1800,0.466667,0.238946
4,2,0.54,0.1800,0.466667,0.238946
3,1,0.72,0.1200,0.366667,0.238919
2,2,0.18,0.2100,0.733333,0.23883
3,3,0.18,0.2100,0.733333,0.23883
4,4,0.18,0.2100,0.733333,0.23883
2,4,0.26,0.1800,0.300000,0.23876
4,1,0.18,0.1200,0.433333,0.238622
2,1,0.72,0.1200,0.433333,0.2386
4,2,0.72,0.1200,0.433333,0.2386
3,4,0.54,0.1500,0.500000,0.238374
2,2,0.18,0.1800,0.766667,0.238281
3,3,0.18,0.1800,0.766667,0.238281
4,4,0.18,0.1800,0.766667,0.238281
2,4,0.18,0.2100,0.800000,0.238195
2,3,0.26,0.1200,0.366667,0.238064
2,1,0.54,0.2100,0.466667,0.237861
4,2,0.54,0.2100,0.466667,0.237861
2,2,0.72,0.2100,0.233333,0.237715
3,3,0.72,0.2100,0.233333,0.237715
4,4,0.72,0.2100,0.233333,0.237715
3,4,0.72,0.1200,0.300000,0.237372
3,1,0.54,0.1800,0.433333,0.23723
4,3,0.36,0.1800,0.600000,0.237177
3,2,0.72,0.1500,0.433333,0.237046
2,1,0.72,0.1500,0.433333,0.236864
4,2,0.72,0.1500,0.433333,0.236864
3,2,0.72,0.1500,0.266667,0.23678
3,1,0.72,0.1800,0.266667,0.236377
4,3,0.18,0.1200,0.433333,0.236353
2,3,0.26,0.1200,0.766667,0.236237
4,1,0.36,0.1200,0.400000,0.236216
4,3,0.26,0.2100,0.333333,0.236009
3,2,0.26,0.1800,0.333333,0.235934
2,3,0.72,0.1200,0.300000,0.23562
2,4,0.26,0.1500,0.766667,0.2356
3,1,0.26,0.1500,0.666667,0.235596
2,2,0.54,0.1500,0.266667,0.235378
3,3,0.54,0.1500,0.266667,0.235378
4,4,0.54,0.1500,0.266667,0.235378
2,2,0.18,0.2100,0.366667,0.23494
3,3,0.18,0.2100,0.366667,0.23494
4,4,0.18,0.2100,0.366667,0.23494
3,4,0.54,0.1800,0.500000,0.234885
2,4,0.26,0.2100,0.300000,0.234621
3,4,0.26,0.2100,0.733333,0.23453
4,1,0.72,0.1200,0.400000,0.234473
3,2,0.36,0.1800,0.600000,0.233974
4,1,0.36,0.2100,0.333333,0.233863
2,2,0.18,0.1800,0.366667,0.233524
3,3,0.18,0.1800,0.366667,0.233524
4,4,0.18,0.1800,0.366667,0.233524
2,1,0.36,0.1500,0.333333,0.233366
4,2,0.36,0.1500,0.333333,0.233366
2,3,0.36,0.1200,0.333333,0.233329
3,1,0.18,0.1200,0.433333,0.233323
3,4,0.36,0.1200,0.333333,0.233299
2,2,0.54,0.1200,0.500000,0.233147
3,3,0.54,0.1200,0.500000,0.233147
4,3,0.54,0.1200,0.500000,0.233147
4,4,0.54,0.1200,0.500000,0.233147
3,1,0.54,0.1200,0.466667,0.2322
3,4,0.26,0.1200,0.366667,0.231183
2,1,0.18,0.1500,0.700000,0.230791
4,2,0.18,0.1500,0.700000,0.230791
2,1,0.54,0.1500,0.366667,0.23076
2,3,0.18,0.1500,0.366667,0.23076
4,1,0.18,0.1200,0.733333,0.230244
2,4,0.18,0.1200,0.933333,0.230222
2,2,0.54,0.1500,0.500000,0.229943
3,3,0.54,0.1500,0.500000,0.229943
4,4,0.54,0.1500,0.500000,0.229943
4,2,0.54,0.1500,0.300000,0.229414
4,3,0.18,0.2100,0.733333,0.228667
4,1,0.26,0.1500,0.366667,0.228648
2,3,0.72,0.1200,0.433333,0.228172
4,3,0.72,0.1500,0.433333,0.228155
3,1,0.36,0.1200,0.400000,0.228137
4,3,0.18,0.1500,0.866667,0.228078
4,3,0.72,0.1200,0.300000,0.227499
2,4,0.72,0.1200,0.433333,0.22735
3,4,0.18,0.1200,0.933333,0.227337
4,1,0.26,0.1800,0.333333,0.227083
4,1,0.54,0.1800,0.300000,0.22691
3,4,0.18,0.1500,0.866667,0.226803
2,3,0.18,0.1800,0.333333,0.226563
4,1,0.72,0.2100,0.366667,0.226492
4,1,0.36,0.1200,0.366667,0.22639
2,3,0.18,0.2100,0.333333,0.226334
4,1,0.18,0.1800,0.700000,0.22623
4,1,0.18,0.1500,0.400000,0.22581
2,1,0.26,0.1200,0.400000,0.225686
2,4,0.72,0.1500,0.266667,0.225647
2,4,0.18,0.1800,0.833333,0.225596
2,4,0.36,0.2100,0.633333,0.225433
2,3,0.72,0.2100,0.433333,0.225114
2,4,0.36,0.1200,0.333333,0.224896
2,4,0.18,0.1500,0.866667,0.224757
3,1,0.18,0.1200,0.733333,0.224484
3,1,0.36,0.2100,0.333333,0.223767
4,1,0.26,0.1200,0.700000,0.223637
2,4,0.72,0.1800,0.433333,0.223578
4,3,0.18,0.1500,0.400000,0.223017
2,1,0.18,0.1200,0.433333,0.222917
4,2,0.18,0.1200,0.433333,0.222917
3,4,0.36,0.1800,0.633333,0.222766
4,1,0.18,0.2100,0.666667,0.222631
2,1,0.36,0.1800,0.300000,0.222265
4,2,0.36,0.1800,0.300000,0.222265
4,4,0.72,0.1200,0.300000,0.222043
2,2,0.72,0.1200,0.300000,0.222033
3,3,0.72,0.1200,0.300000,0.222033
4,4,0.72,0.1200,0.433333,0.22143
3,2,0.26,0.2100,0.700000,0.221373
2,3,0.26,0.1500,0.766667,0.221248
2,2,0.72,0.1200,0.433333,0.22112
3,3,0.72,0.1200,0.433333,0.22112
3,4,0.72,0.1200,0.433333,0.221025
2,2,0.26,0.1500,0.733333,0.220604
3,3,0.26,0.1500,0.733333,0.220604
4,4,0.26,0.1500,0.733333,0.220604
3,1,0.18,0.1500,0.400000,0.220593
2,1,0.26,0.1200,0.666667,0.220269
3,1,0.18,0.1800,0.700000,0.220262
2,3,0.18,0.1200,0.400000,0.220186
3,1,0.26,0.1800,0.333333,0.220174
3,2,0.26,0.1800,0.700000,0.21978
3,1,0.26,0.1500,0.366667,0.219645
2,3,0.36,0.1800,0.633333,0.21964
3,3,0.54,0.1800,0.633333,0.21964
3,4,0.18,0.1500,0.366667,0.219399
2,2,0.36,0.2100,0.266667,0.219046
3,3,0.36,0.2100,0.266667,0.219046
4,4,0.36,0.2100,0.266667,0.219046
3,2,0.18,0.1500,0.700000,0.218808
2,2,0.18,0.1200,0.866667,0.218543
3,3,0.18,0.1200,0.866667,0.218543
4,4,0.18,0.1200,0.866667,0.218543
3,4,0.72,0.1800,0.233333,0.218484
2,3,0.36,0.2100,0.633333,0.218156
4,1,0.72,0.1200,0.366667,0.217979
4,1,0.36,0.1800,0.300000,0.217539
2,4,0.54,0.1500,0.266667,0.216979
3,4,0.36,0.2100,0.266667,0.216746
3,1,0.72,0.2100,0.400000,0.216659
2,2,0.54,0.1800,0.500000,0.216294
4,4,0.54,0.1800,0.500000,0.216294
2,2,0.26,0.1200,0.366667,0.21626
3,3,0.26,0.1200,0.366667,0.21626
4,4,0.26,0.1200,0.366667,0.21626
2,1,0.26,0.1800,0.666667,0.21593
4,2,0.26,0.1800,0.666667,0.21593
3,4,0.36,0.1800,0.266667,0.215817
2,2,0.36,0.1800,0.266667,0.215756
3,3,0.36,0.1800,0.266667,0.215756
4,4,0.36,0.1800,0.266667,0.215756
2,2,0.26,0.1500,0.333333,0.215728
3,3,0.26,0.1500,0.333333,0.215728
4,4,0.26,0.1500,0.333333,0.215728
3,4,0.18,0.2100,0.800000,0.215652
2,1,0.36,0.1200,0.600000,0.215488
4,2,0.36,0.1200,0.600000,0.215488
2,1,0.54,0.1500,0.866667,0.215087
2,3,0.18,0.1500,0.866667,0.215087
3,1,0.18,0.2100,0.666667,0.214783
3,1,0.72,0.1800,0.500000,0.214557
3,2,0.18,0.1200,0.433333,0.214288
4,1,0.72,0.1500,0.300000,0.214255
2,1,0.36,0.1800,0.566667,0.213984
4,2,0.36,0.1800,0.566667,0.213984
3,4,0.72,0.2100,0.233333,0.21355
4,1,0.72,0.1500,0.366667,0.213456
4,1,0.36,0.1500,0.333333,0.213207
2,3,0.36,0.1800,0.266667,0.213161
3,3,0.54,0.1800,0.266667,0.213161
2,1,0.26,0.1500,0.366667,0.213149
4,2,0.26,0.1500,0.366667,0.213149
2,2,0.26,0.1800,0.300000,0.212936
3,3,0.26,0.1800,0.300000,0.212936
4,4,0.26,0.1800,0.300000,0.212936
2,1,0.18,0.1200,0.733333,0.212883
4,2,0.18,0.1200,0.733333,0.212883
2,3,0.18,0.1200,0.933333,0.212335
3,4,0.26,0.1200,0.766667,0.212137
3,1,0.36,0.1200,0.366667,0.212009
4,3,0.26,0.2100,0.700000,0.211891
2,1,0.18,0.1500,0.400000,0.211863
4,2,0.18,0.1500,0.400000,0.211863
2,2,0.36,0.1200,0.333333,0.211716
3,3,0.36,0.1200,0.333333,0.211716
4,4,0.36,0.1200,0.333333,0.211716
3,2,0.26,0.2100,0.333333,0.211469
3,1,0.72,0.2100,0.266667,0.210765
3,4,0.72,0.2100,0.433333,0.210349
3,2,0.54,0.1200,0.500000,0.210286
4,1,0.54,0.1800,0.333333,0.210252
4,1,0.18,0.1800,0.366667,0.210211
3,1,0.26,0.1200,0.700000,0.210115
2,4,0.72,0.1500,0.433333,0.209882
4,1,0.72,0.2100,0.300000,0.209872
4,1,0.54,0.1500,0.333333,0.209792
4,3,0.26,0.1800,0.700000,0.209786
2,2,0.36,0.1500,0.633333,0.209687
3,3,0.36,0.1500,0.633333,0.209687
4,4,0.36,0.1500,0.633333,0.209687
4,1,0.54,0.1800,0.433333,0.209261
2,1,0.26,0.1800,0.333333,0.208799
4,2,0.26,0.1800,0.333333,0.208799
4,1,0.18,0.2100,0.366667,0.208746
4,3,0.18,0.1200,0.900000,0.208432
2,3,0.36,0.2100,0.266667,0.20836
3,1,0.36,0.1800,0.300000,0.208059
2,3,0.18,0.2100,0.800000,0.208014
3,4,0.72,0.1500,0.433333,0.207748
2,2,0.36,0.1500,0.300000,0.207424
3,3,0.36,0.1500,0.300000,0.207424
4,4,0.36,0.1500,0.300000,0.207424
2,2,0.26,0.1800,0.733333,0.207265
3,3,0.26,0.1800,0.733333,0.207265
4,4,0.26,0.1800,0.733333,0.207265
3,4,0.18,0.1800,0.333333,0.207233
4,4,0.72,0.1200,0.466667,0.206906
4,3,0.54,0.2100,0.233333,0.206824
2,2,0.72,0.1200,0.466667,0.20675
3,3,0.72,0.1200,0.466667,0.20675
3,1,0.54,0.1800,0.266667,0.20657
3,2,0.72,0.1200,0.300000,0.206506
4,3,0.26,0.1200,0.733333,0.20567
2,4,0.36,0.1200,0.666667,0.205569
3,1,0.18,0.1800,0.366667,0.205551
3,2,0.18,0.1500,0.400000,0.205025
2,3,0.72,0.2100,0.233333,0.204828
3,4,0.18,0.1200,0.400000,0.204813
2,1,0.18,0.1800,0.700000,0.204571
4,2,0.18,0.1800,0.700000,0.204571
3,4,0.54,0.1200,0.533333,0.204293
3,1,0.18,0.2100,0.366667,0.20417
3,4,0.18,0.1800,0.833333,0.203976
2,4,0.54,0.1200,0.533333,0.203827
4,3,0.36,0.1200,0.633333,0.203244
2,1,0.54,0.1200,0.333333,0.203231
4,2,0.54,0.1200,0.333333,0.203231
2,2,0.18,0.1500,0.866667,0.202929
3,3,0.18,0.1500,0.866667,0.202929
4,4,0.18,0.1500,0.866667,0.202929
4,3,0.18,0.1800,0.800000,0.202722
4,1,0.54,0.2100,0.333333,0.2026
3,1,0.36,0.1500,0.333333,0.202481
3,2,0.18,0.1200,0.733333,0.201689
4,3,0.54,0.1800,0.233333,0.201667
4,3,0.36,0.1200,0.333333,0.201589
3,1,0.54,0.2100,0.300000,0.201374
2,3,0.72,0.1500,0.433333,0.201074
3,4,0.18,0.2100,0.333333,0.2009
3,2,0.54,0.1800,0.233333,0.200608
2,1,0.72,0.1200,0.300000,0.20029
4,2,0.72,0.1200,0.300000,0.20029